tx_id,account_id,timestamp,bank_account,amount,counterparty,currency
TX-9db6617d75,ACC-10000,2026-03-28T01:08:20,BA-83863413,151.37,Walker-Roberts,USD
TX-f4d5405fff,ACC-10000,2026-05-07T15:12:55,BA-82556484,1254.86,Cunningham-Barton,USD
TX-f2927d5933,ACC-10000,2026-01-19T02:38:09,BA-41726318,253.64,Dunn-Wilson,USD
TX-e1082ea0ee,ACC-10001,2026-01-12T20:04:58,BA-52091325,90.46,Rice Inc,USD
TX-46c4a60098,ACC-10001,2026-04-24T10:27:53,BA-73993471,756.76,Peck-Anderson,USD
TX-8306650477,ACC-10001,2026-04-14T03:13:37,BA-31130263,90.03,"Fisher, Payne and Thompson",USD
TX-a95f870838,ACC-10001,2026-04-09T14:39:08,BA-20752378,1277.76,Best-Townsend,USD
TX-49f1cf71af,ACC-10001,2026-01-14T07:19:57,BA-89864260,106.6,Matthews Inc,USD
TX-e63967a675,ACC-10001,2026-02-15T16:07:46,BA-64193837,184.23,Lewis-Livingston,USD
TX-111257ef4e,ACC-10001,2026-04-21T14:52:47,BA-43046464,870.48,Hunter-Fuller,USD
TX-b4b37cffa1,ACC-10001,2026-01-08T17:12:34,BA-93131979,127.57,"Wang, Henderson and Morales",USD
TX-3a8e43e52b,ACC-10001,2026-05-08T15:34:51,BA-88339168,850.01,"Herrera, Jensen and Ramirez",USD
TX-ae03f3bc4c,ACC-10001,2026-03-03T10:23:25,BA-44999379,310.37,Miller-Mccall,USD
TX-3c4123facd,ACC-10002,2026-01-14T08:35:26,BA-42787299,557.44,Brown-Ramirez,USD
TX-ff46524f51,ACC-10002,2026-01-31T15:09:12,BA-68812137,1251.45,Barnes Ltd,USD
TX-e944936cbe,ACC-10002,2026-05-17T14:44:01,BA-50603163,919.46,"Wright, Mcknight and Stephens",USD
TX-9db1c8ce28,ACC-10002,2026-05-07T23:45:01,BA-80993218,16.7,Mayo Ltd,USD
TX-40af134bfc,ACC-10002,2026-04-18T16:38:02,BA-50181935,1397.98,Castillo-Harrington,USD
TX-da4efa466a,ACC-10002,2026-01-21T02:44:53,BA-28024248,400.38,Durham-Shaw,USD
TX-f7773e8d36,ACC-10002,2026-01-21T18:49:25,BA-84252420,237.39,Nelson-Johnson,USD
TX-155a5f2e21,ACC-10003,2026-05-04T17:09:48,BA-45159040,246.57,"Dunn, Henry and Brown",USD
TX-73cefb7e3d,ACC-10003,2026-03-27T19:06:09,BA-84045292,1059.97,Patterson LLC,USD
TX-e0162cfbdc,ACC-10003,2026-04-19T22:00:55,BA-11297845,172.25,"Weber, Castillo and Davis",USD
TX-71f802eae1,ACC-10003,2026-05-15T04:23:05,BA-30005727,820.66,Jackson LLC,USD
TX-ea97669006,ACC-10004,2026-02-15T23:16:33,BA-31810617,1464.43,Davidson-Hensley,USD
TX-e77544c6db,ACC-10004,2026-02-04T09:07:25,BA-65337219,42.06,Douglas-Farley,USD
TX-c36d9149ef,ACC-10004,2026-05-24T00:38:21,BA-54585178,1174.67,"Evans, Hernandez and Cannon",USD
TX-d68e992dc7,ACC-10004,2026-03-21T22:43:20,BA-99913412,1296.78,Trujillo PLC,USD
TX-57c20a2d39,ACC-10005,2026-03-19T08:59:09,BA-54058573,421.51,"Watson, Smith and Morris",USD
TX-578929e86c,ACC-10005,2026-01-14T11:31:26,BA-47463522,529.96,"Lee, Rhodes and Sims",USD
TX-bcd55a23b6,ACC-10005,2026-04-09T22:00:09,BA-63643924,1020.88,Perez LLC,USD
TX-dc0cff5dc5,ACC-10005,2026-04-15T02:56:47,BA-54446182,1409.16,Anderson-Reyes,USD
TX-70df9750be,ACC-10005,2026-01-23T09:31:53,BA-45059710,271.96,"Torres, Brown and Williams",USD
TX-c6e2865dff,ACC-10006,2026-05-14T08:59:10,BA-36445607,549.51,"Oneill, Warren and Manning",USD
TX-010f0499e6,ACC-10006,2026-01-14T14:06:05,BA-99152472,1381.55,"Cunningham, Levine and Santiag",USD
TX-2c6c0e5ed9,ACC-10006,2026-05-02T00:06:52,BA-52133044,996.76,Stone-Watts,USD
TX-ae3e590e73,ACC-10006,2026-01-25T04:47:45,BA-50308572,763.15,"Davis, Stanley and Wright",USD
TX-9b362cc596,ACC-10006,2026-05-10T11:56:46,BA-64813568,492.64,Alvarado-Davidson,USD
TX-47d25cb1af,ACC-10006,2026-05-16T09:13:36,BA-49682169,833.85,Combs PLC,USD
TX-60aae830a0,ACC-10006,2026-02-07T06:02:22,BA-66431351,999.07,"Brown, Schneider and Moore",USD
TX-77ef5ac84f,ACC-10006,2026-03-15T14:56:42,BA-33357554,925.19,Christian-Booth,USD
TX-3b9ff5d368,ACC-10006,2026-02-28T10:31:41,BA-64502486,824.17,Walton LLC,USD
TX-5841b39e3d,ACC-10006,2026-01-01T01:53:30,BA-50785405,433.94,Rivera LLC,USD
TX-9a7b7c37f4,ACC-10007,2026-02-13T14:54:04,BA-36726767,225.29,"Holland, Price and Dixon",USD
TX-fc8b6d756e,ACC-10007,2026-01-09T23:22:17,BA-42862209,1475.98,"Roberts, Beck and House",USD
TX-8190e48631,ACC-10007,2026-04-29T16:44:35,BA-19774839,685.85,Butler-French,USD
TX-c8bd4ef40f,ACC-10007,2026-05-03T06:55:09,BA-87265240,295.68,"Edwards, Arnold and Smith",USD
TX-7189593080,ACC-10007,2026-05-16T05:14:45,BA-61536717,744.09,Harris-Melton,USD
TX-1287d72590,ACC-10007,2026-02-17T09:02:59,BA-29806690,985.81,Greer-Pruitt,USD
TX-e8a4032753,ACC-10008,2026-04-01T04:57:33,BA-16740197,838.32,Carter-Clements,USD
TX-7284f7eaaf,ACC-10008,2026-01-24T13:34:19,BA-71265269,204.34,"Moreno, Barajas and Colon",USD
TX-c7206067f1,ACC-10008,2026-04-01T05:23:39,BA-99600766,799.04,"Smith, Caldwell and Griffin",USD
TX-0d35d39d16,ACC-10008,2026-04-19T12:46:50,BA-89920257,479.36,"Austin, Oliver and Haley",USD
TX-fefb590558,ACC-10008,2026-05-27T15:43:12,BA-69401199,920.92,"Blackwell, James and Hogan",USD
TX-d79828ab51,ACC-10008,2026-05-20T16:03:34,BA-77750178,642.98,Cruz PLC,USD
TX-d87683b001,ACC-10008,2026-04-17T09:16:06,BA-69849511,1346.33,"Campbell, Pruitt and Short",USD
TX-16ffd88f79,ACC-10008,2026-05-25T09:41:07,BA-73709724,677.85,Robertson-Hicks,USD
TX-5636719cba,ACC-10008,2026-05-26T23:32:01,BA-43183955,1260.6,Williams-Villanueva,USD
TX-0525edc40d,ACC-10008,2026-02-23T20:21:52,BA-79967676,729.47,Flores Inc,USD
TX-1de2592be4,ACC-10009,2026-01-13T11:19:41,BA-65682626,614.36,Mitchell Inc,USD
TX-32cdfcdbb6,ACC-10009,2026-04-16T08:45:04,BA-72535301,626.58,Stewart Group,USD
TX-1028d191e0,ACC-10009,2026-02-10T03:55:05,BA-66390708,587.27,Jensen-Torres,USD
TX-cad20b507c,ACC-10009,2026-05-30T11:30:29,BA-88393811,1419.36,"Hernandez, Knight and Aguirre",USD
TX-b20a23615a,ACC-10009,2026-01-04T19:01:31,BA-87267850,573.67,Jackson-Edwards,USD
TX-e687871d4b,ACC-10010,2026-04-28T03:21:38,BA-39600202,734.9,"Fry, Hopkins and Faulkner",USD
TX-737bfb8459,ACC-10010,2026-02-22T23:58:14,BA-68496914,731.03,"Dennis, Crosby and Williams",USD
TX-f43800cc0c,ACC-10010,2026-03-17T12:12:21,BA-55114543,1004.97,Hall-Baker,USD
TX-f80705ab16,ACC-10010,2026-03-20T12:15:08,BA-32151928,1261.56,Williams and Sons,USD
TX-54f2446b39,ACC-10010,2026-01-25T18:47:19,BA-93517915,803.51,"Velez, Ward and Harrison",USD
TX-6a95f66f81,ACC-10010,2026-03-18T12:16:02,BA-89442503,848.77,Keith-Williams,USD
TX-15d3e466e1,ACC-10010,2026-01-06T06:18:16,BA-21267237,965.91,"Nguyen, Padilla and Boyd",USD
TX-8821f2c9b2,ACC-10010,2026-01-27T08:24:19,BA-71968116,276.68,Davenport-Baker,USD
TX-3c3ea17472,ACC-10010,2026-02-20T12:24:58,BA-60882459,494.39,"Hudson, Bennett and Gray",USD
TX-a1b3accb11,ACC-10010,2026-03-30T07:03:08,BA-53868501,509.56,"Valdez, Houston and Black",USD
TX-3b6aa3345b,ACC-10011,2026-02-16T07:42:00,BA-26941092,712.97,Hansen PLC,USD
TX-a621eb7959,ACC-10011,2026-01-23T05:05:36,BA-85694715,1421.9,Morgan-Wilson,USD
TX-279117d964,ACC-10011,2026-04-01T07:12:55,BA-44392446,1151.51,"Frye, Walter and Li",USD
TX-81fb7a997f,ACC-10011,2026-02-02T13:57:14,BA-91321540,912.84,"Wright, Ramos and Bennett",USD
TX-d7cb5d70ab,ACC-10012,2026-01-15T18:10:09,BA-89470029,1037.47,"Baker, Adams and Mullen",USD
TX-02ff0bfacb,ACC-10012,2026-05-02T19:09:41,BA-42594692,157.34,Diaz-Jimenez,USD
TX-fb76a7e580,ACC-10012,2026-05-31T00:01:18,BA-50477742,1276.19,Barnes LLC,USD
TX-9acdb4c41e,ACC-10012,2026-04-27T14:07:15,BA-26247735,1195.36,Dickerson-Ramirez,USD
TX-fa7861e182,ACC-10012,2026-04-20T21:26:12,BA-15512205,524.07,Duncan PLC,USD
TX-08d7318ca5,ACC-10013,2026-05-31T10:05:26,BA-74893936,699.99,Montgomery-Miller,USD
TX-cc5b6c2076,ACC-10013,2026-05-22T22:49:44,BA-89520597,406.25,Parker-Wright,USD
TX-0312cdaeb9,ACC-10013,2026-02-17T16:05:25,BA-21631697,422.0,Ramos-Martinez,USD
TX-51b4a7d7e6,ACC-10013,2026-03-29T12:53:22,BA-42730796,1126.96,"Roberson, Johnson and Alvarado",USD
TX-324d5a14c1,ACC-10013,2026-04-21T15:41:30,BA-91917334,1003.94,Lin-Mcdonald,USD
TX-204a256b8f,ACC-10013,2026-03-07T07:43:18,BA-13852048,743.99,"Donovan, Dunn and Taylor",USD
TX-3f1d131683,ACC-10013,2026-03-05T02:40:32,BA-34406132,733.89,"Ryan, Garza and Bryant",USD
TX-27a2c7efd2,ACC-10013,2026-03-10T21:36:15,BA-44675473,513.81,"Fields, Elliott and Mills",USD
TX-d2535cd839,ACC-10013,2026-04-26T18:17:01,BA-47080140,835.91,"Ferguson, Stout and Olson",USD
TX-f69daab277,ACC-10013,2026-04-11T07:39:26,BA-35643159,132.99,Ballard Group,USD
TX-69eede22d1,ACC-10014,2026-03-06T05:35:57,BA-57219209,1055.77,"Sandoval, Hudson and Meza",USD
TX-d425423c27,ACC-10014,2026-02-22T14:33:43,BA-51154241,380.85,"Curry, Perry and Garcia",USD
TX-16ae333975,ACC-10014,2026-01-24T10:17:49,BA-35848226,476.74,"Ray, Craig and Park",USD
TX-6c6c4650be,ACC-10014,2026-05-25T06:04:36,BA-81922443,1426.56,Andrade-Jackson,USD
TX-7378a58eba,ACC-10014,2026-05-15T00:23:43,BA-34850391,291.35,Pierce PLC,USD
TX-e72854d94d,ACC-10014,2026-05-24T10:08:49,BA-74988034,418.37,Sandoval-Ferguson,USD
TX-a8ae820819,ACC-10014,2026-04-25T11:40:26,BA-80415568,897.2,"Ramos, Gomez and Edwards",USD
TX-ce6912f31c,ACC-10014,2026-01-20T12:29:08,BA-36054020,447.89,Kirk-Gutierrez,USD
TX-02498e0b7a,ACC-10014,2026-03-12T01:49:39,BA-34084236,456.89,"Jordan, Swanson and Franklin",USD
TX-51e8770261,ACC-10014,2026-05-18T11:36:19,BA-81690398,194.24,"Gardner, Brooks and Pierce",USD
TX-2ad8f52158,ACC-10015,2026-01-20T22:05:35,BA-11646234,863.23,Roberts-Foster,USD
TX-ef27de1600,ACC-10015,2026-04-02T03:32:53,BA-74251933,663.5,Rogers Group,USD
TX-c5c8407548,ACC-10015,2026-02-05T19:11:49,BA-16895666,382.46,"Mcgee, Kelley and Baker",USD
TX-4da0624077,ACC-10015,2026-04-03T18:22:45,BA-25312516,1234.06,Shaw-Ayala,USD
TX-79c62a3386,ACC-10015,2026-03-19T19:25:55,BA-76001106,115.75,Gill Group,USD
TX-622b513e2e,ACC-10015,2026-05-03T05:25:46,BA-17195288,231.83,"Gonzalez, Foster and Duncan",USD
TX-49e1a5ef44,ACC-10015,2026-04-20T07:01:21,BA-50780112,132.35,"Gilbert, Fitzgerald and Sanche",USD
TX-a8d28628b2,ACC-10015,2026-02-18T04:39:13,BA-25898299,839.32,Adams Group,USD
TX-04aa7aa54b,ACC-10015,2026-03-22T19:30:41,BA-91378577,896.21,Cohen-Johnston,USD
TX-83a4ab567e,ACC-10016,2026-05-14T20:42:08,BA-89699989,707.52,"Grant, Bryan and Williams",USD
TX-6655625cdd,ACC-10016,2026-01-07T08:06:45,BA-41068214,435.72,Brown LLC,USD
TX-531febd902,ACC-10016,2026-02-24T21:33:47,BA-70939053,111.41,Thomas Inc,USD
TX-95230d1028,ACC-10016,2026-02-15T07:50:01,BA-45507920,1182.8,"Lane, Morrison and Rivera",USD
TX-da1bac37d8,ACC-10016,2026-05-02T08:58:53,BA-89160218,993.47,Williams Group,USD
TX-5eb7aefe11,ACC-10016,2026-02-08T09:54:15,BA-67061186,176.59,Martin LLC,USD
TX-25f2ebbec2,ACC-10016,2026-02-13T15:41:16,BA-96924061,227.74,"Guerrero, Graves and Armstrong",USD
TX-91b4ccbaa6,ACC-10016,2026-02-21T13:56:13,BA-29090631,111.76,"Thompson, Gibson and Riley",USD
TX-343b7e5971,ACC-10016,2026-02-02T05:15:22,BA-51286958,894.59,Davis LLC,USD
TX-ffd9451552,ACC-10017,2026-04-22T21:30:20,BA-15399803,1145.85,"Stark, Rivera and Valencia",USD
TX-bf4c5dd1bd,ACC-10017,2026-02-04T00:26:52,BA-73149551,780.85,Chavez-Johnson,USD
TX-340df7c384,ACC-10017,2026-03-27T20:56:18,BA-47333543,276.33,Rodriguez-Mendoza,USD
TX-7871d898c3,ACC-10017,2026-04-24T15:50:01,BA-68503492,954.0,Campbell LLC,USD
TX-afd615e553,ACC-10017,2026-04-06T11:36:29,BA-22246348,707.67,"Andrews, Romero and Sullivan",USD
TX-25b25e6cf8,ACC-10017,2026-03-21T07:02:24,BA-54735895,484.98,"Robles, Nguyen and Banks",USD
TX-865b7e7559,ACC-10018,2026-01-18T02:23:18,BA-52213778,382.34,Peters LLC,USD
TX-6082499f0f,ACC-10018,2026-01-23T12:14:01,BA-64247457,1298.04,Moore-Bright,USD
TX-ac897aafc3,ACC-10018,2026-01-01T05:21:51,BA-98269682,1304.7,"Martinez, Smith and Wong",USD
TX-be1ef6ccb6,ACC-10018,2026-03-31T16:57:56,BA-65465150,86.04,Griffith Group,USD
TX-4621c0a015,ACC-10018,2026-04-11T16:06:09,BA-58557203,935.84,"Kim, Branch and Miller",USD
TX-953ff2b2d1,ACC-10018,2026-04-07T19:08:46,BA-93940940,665.85,"Shaffer, Dalton and English",USD
TX-1473087826,ACC-10018,2026-01-11T00:31:41,BA-37321124,404.25,"Munoz, Simmons and White",USD
TX-700553d138,ACC-10018,2026-01-26T10:33:57,BA-48658617,659.98,"Coleman, Wilkins and Cruz",USD
TX-827c9a4b00,ACC-10018,2026-05-16T14:04:51,BA-75056916,186.53,Lopez PLC,USD
TX-8dba430bc0,ACC-10019,2026-05-25T21:58:31,BA-28321839,1296.72,Bradley LLC,USD
TX-1cef06d865,ACC-10019,2026-02-23T15:24:22,BA-65692629,513.11,Maldonado-Morales,USD
TX-31d85ef5b8,ACC-10019,2026-04-09T14:13:44,BA-45859307,1231.72,"Shea, Holland and Diaz",USD
TX-20a1005eca,ACC-10019,2026-02-24T22:07:30,BA-50071487,1257.03,Miller-Stevens,USD
TX-5c15f066b9,ACC-10019,2026-04-23T14:38:19,BA-98575748,737.01,Holland-Thompson,USD
TX-6d7f33b82a,ACC-10019,2026-01-29T20:30:17,BA-69934576,810.18,Ponce Ltd,USD
TX-164d86352d,ACC-10019,2026-03-09T00:23:38,BA-54619335,830.12,Evans Group,USD
TX-30e3f532d5,ACC-10019,2026-04-16T12:34:03,BA-60628276,685.74,Mccoy LLC,USD
TX-65d5a9853c,ACC-10019,2026-03-04T11:35:28,BA-35320492,1471.26,Miller-Chen,USD
TX-d13440c49c,ACC-10019,2026-02-16T08:54:52,BA-86745380,577.54,"Lopez, Johnson and Johnson",USD
TX-94a84857b3,ACC-10020,2026-01-20T08:41:24,BA-80591959,1366.11,Hamilton LLC,USD
TX-f4e6b31d48,ACC-10020,2026-01-03T23:31:29,BA-29348212,617.92,"Trujillo, Chang and Williams",USD
TX-acd3c2feaf,ACC-10020,2026-05-08T03:30:07,BA-30718012,116.87,"Williams, Medina and Moore",USD
TX-281aca3689,ACC-10020,2026-02-21T11:05:44,BA-55440919,936.77,Washington Inc,USD
TX-0783a705b9,ACC-10020,2026-03-19T04:24:23,BA-97219599,125.07,Jacobson Ltd,USD
TX-7af215aaf7,ACC-10020,2026-03-05T19:13:35,BA-81621574,573.11,Watkins-Nguyen,USD
TX-8f9bf7cff4,ACC-10020,2026-03-03T11:44:52,BA-94127561,1079.48,Burgess LLC,USD
TX-5797f919d2,ACC-10020,2026-05-28T11:04:08,BA-75491202,1309.21,Maxwell LLC,USD
TX-c0293dee30,ACC-10020,2026-01-07T23:18:06,BA-92874006,107.29,Garcia Ltd,USD
TX-cb418d27a4,ACC-10021,2026-03-25T15:08:45,BA-29538047,370.08,"Crane, Johnson and Butler",USD
TX-70b0e1ee6a,ACC-10021,2026-03-22T00:18:01,BA-85957578,1024.29,"Weaver, Anderson and Reed",USD
TX-b1cc20a221,ACC-10021,2026-02-04T23:07:33,BA-32814819,266.73,Rojas-Smith,USD
TX-e0c3dd1e25,ACC-10021,2026-04-29T08:26:15,BA-61344226,931.47,Brown and Sons,USD
TX-45279c2e2e,ACC-10021,2026-02-16T18:20:53,BA-76795767,1369.68,"Newman, Jenkins and Cooper",USD
TX-8d67e923c6,ACC-10021,2026-01-28T18:58:36,BA-41163805,694.42,"Buchanan, Tucker and Wade",USD
TX-57f06c0567,ACC-10021,2026-02-19T07:37:12,BA-71682508,386.71,"Wilkinson, Wallace and Torres",USD
TX-9f4e7bc14f,ACC-10022,2026-04-25T02:16:57,BA-50151803,960.21,"Fox, Harrington and Wang",USD
TX-7ed9cfd127,ACC-10022,2026-03-24T09:25:22,BA-43567615,687.97,Johnson PLC,USD
TX-135380177d,ACC-10022,2026-02-28T15:59:20,BA-36738452,1499.06,Rhodes-Rosario,USD
TX-fb600ea0fe,ACC-10022,2026-04-04T19:54:46,BA-24314759,359.62,"Foster, Henry and Morrison",USD
TX-0c40dd7a46,ACC-10022,2026-04-22T01:21:10,BA-58178682,864.34,"Harding, Kerr and Ward",USD
TX-7efe30e442,ACC-10022,2026-05-16T18:52:36,BA-49625201,37.8,Baldwin Group,USD
TX-249473a4e7,ACC-10022,2026-05-08T19:34:23,BA-63124147,415.35,Hughes-Smith,USD
TX-07ee6e8be3,ACC-10023,2026-04-23T13:00:34,BA-58970845,1099.88,King Group,USD
TX-699e2a88e8,ACC-10023,2026-01-18T12:03:07,BA-49609054,493.45,Fuller and Sons,USD
TX-c20f7cc107,ACC-10024,2026-05-27T10:36:02,BA-40281491,1290.91,Scott PLC,USD
TX-431e50a824,ACC-10024,2026-05-21T15:05:40,BA-63339667,1451.07,Sullivan Inc,USD
TX-9b472dc404,ACC-10024,2026-04-19T05:15:54,BA-59093496,140.0,Lee and Sons,USD
TX-38cad3d681,ACC-10024,2026-03-18T14:51:02,BA-11868130,400.37,Marshall-Castro,USD
TX-a39ce50551,ACC-10025,2026-05-12T00:57:58,BA-41383044,709.86,Ruiz-Gutierrez,USD
TX-818db2a811,ACC-10025,2026-05-01T07:17:51,BA-85350823,495.37,Love-Mcdowell,USD
TX-16b76a1d06,ACC-10025,2026-04-29T11:11:20,BA-39711402,973.24,Holloway Ltd,USD
TX-11ead93456,ACC-10026,2026-05-08T04:09:26,BA-23290458,1251.37,Shepherd-Austin,USD
TX-e256fdf31a,ACC-10026,2026-04-30T13:08:50,BA-64776386,1408.88,Mccoy-Davis,USD
TX-0cbf1dd62d,ACC-10026,2026-02-24T07:41:00,BA-14391105,1036.97,"Peterson, Ford and Walker",USD
TX-62a3696c0b,ACC-10026,2026-02-12T04:33:00,BA-69509870,669.82,"Reeves, Arias and Rose",USD
TX-cdd2eba6a0,ACC-10026,2026-02-15T20:21:52,BA-58678896,153.54,"Warren, Roberts and Kim",USD
TX-65a41a55c1,ACC-10026,2026-05-14T03:30:05,BA-59302863,818.98,Evans-Joyce,USD
TX-9e05aafcb1,ACC-10026,2026-05-06T05:06:38,BA-58140388,95.52,"Leach, Skinner and Mills",USD
TX-bfb4ad54c5,ACC-10026,2026-02-23T13:42:02,BA-35475673,1452.47,Carroll-Arnold,USD
TX-f18d7b02f6,ACC-10027,2026-02-23T20:11:39,BA-29419691,1481.35,"Adams, Hernandez and Vaughn",USD
TX-559564e265,ACC-10027,2026-04-15T21:35:11,BA-43642236,1198.78,"Munoz, Garcia and Williams",USD
TX-55b98ff125,ACC-10028,2026-01-25T14:44:15,BA-66500369,791.5,Robbins PLC,USD
TX-e27fab566c,ACC-10028,2026-05-25T19:03:07,BA-18530615,716.99,Miller LLC,USD
TX-9724ecf721,ACC-10029,2026-05-19T08:01:50,BA-69533928,114.87,"Ellis, Faulkner and Palmer",USD
TX-e97659319f,ACC-10029,2026-01-16T16:30:39,BA-53233116,914.4,"Wilson, Lewis and Kennedy",USD
TX-b5d78b88b3,ACC-10029,2026-01-13T18:06:05,BA-26937148,416.15,"Moore, Hansen and Dorsey",USD
TX-931e073a0e,ACC-10029,2026-05-03T22:21:04,BA-88566318,824.79,Guzman Group,USD
TX-92602821e6,ACC-10029,2026-03-05T03:28:26,BA-61124122,1491.97,Martinez PLC,USD
TX-818f05d42d,ACC-10029,2026-04-14T00:34:26,BA-49580505,683.3,Williams-Hernandez,USD
TX-0991fce4c4,ACC-10029,2026-04-28T13:29:36,BA-67740376,153.27,Torres-Brooks,USD
TX-b858e3dfb1,ACC-10029,2026-05-17T06:31:44,BA-25356396,1279.93,Tucker-Moody,USD
TX-7231977f60,ACC-10029,2026-05-07T09:29:29,BA-83998961,1082.66,Bowers Group,USD
TX-10f3b66e56,ACC-10030,2026-05-14T08:49:04,BA-73655158,105.36,"Glover, Torres and Russell",USD
TX-6bd262308b,ACC-10030,2026-01-17T13:49:36,BA-22513132,650.66,Mathis PLC,USD
TX-c25a2a8d22,ACC-10030,2026-05-25T14:02:09,BA-60015814,1218.6,Patton and Sons,USD
TX-a623a26db8,ACC-10030,2026-04-19T00:52:32,BA-18050510,881.77,Fernandez-Jackson,USD
TX-afa3d411cc,ACC-10031,2026-04-22T11:29:59,BA-40354559,1211.8,Collins-Mcclure,USD
TX-c6e2df70fc,ACC-10031,2026-04-19T22:17:22,BA-93446356,922.29,Hernandez LLC,USD
TX-f9cf6f79b6,ACC-10031,2026-05-05T19:11:42,BA-84724345,44.25,"Cooper, Wood and Smith",USD
TX-9c50a23643,ACC-10031,2026-05-08T17:42:56,BA-45896226,48.29,"Sandoval, Thomas and Young",USD
TX-89528636ab,ACC-10031,2026-02-23T01:31:56,BA-51471222,1382.7,"Trevino, Henderson and Gonzale",USD
TX-205e78377f,ACC-10031,2026-03-10T03:53:15,BA-10819505,276.2,Davidson and Sons,USD
TX-55d9035330,ACC-10032,2026-03-08T04:41:25,BA-31127115,558.23,Rowland-Sanchez,USD
TX-5ad857d938,ACC-10032,2026-05-21T02:52:51,BA-53537934,1166.37,Hines PLC,USD
TX-a1068867ef,ACC-10032,2026-04-21T05:10:39,BA-90023800,132.01,Dickerson LLC,USD
TX-8640a9082e,ACC-10032,2026-01-11T05:10:29,BA-30881581,240.33,Murphy Inc,USD
TX-160f0fa218,ACC-10032,2026-04-30T23:20:04,BA-16679008,1012.58,"Flynn, Salas and York",USD
TX-1a5fd7f37b,ACC-10032,2026-02-22T20:05:28,BA-69473616,994.6,"Blackwell, Clark and Miller",USD
TX-17a57f6602,ACC-10032,2026-04-05T07:20:51,BA-91480362,665.86,Gibbs-Mendez,USD
TX-9a1e41436d,ACC-10032,2026-02-23T01:02:59,BA-38933176,1133.64,Romero Ltd,USD
TX-33e92a8e84,ACC-10032,2026-01-23T02:25:40,BA-56328316,647.72,"Brooks, Stone and White",USD
TX-3b30b9a51b,ACC-10033,2026-02-26T04:55:17,BA-54039837,184.38,"Hayden, Fowler and Torres",USD
TX-85a53a3b33,ACC-10033,2026-04-07T13:59:01,BA-67801537,267.66,Garcia PLC,USD
TX-5df5cccf21,ACC-10033,2026-03-15T19:53:42,BA-81481992,1056.99,Johnson Ltd,USD
TX-6cd97c389c,ACC-10033,2026-04-08T03:23:29,BA-84990607,1250.86,"Burns, Lopez and Jones",USD
TX-c881833fd5,ACC-10033,2026-03-10T18:32:19,BA-19673809,598.62,Campbell-Hall,USD
TX-f73dc179ec,ACC-10033,2026-05-25T02:09:47,BA-15677713,657.15,"Warren, Gibson and Wood",USD
TX-9baf5e18ba,ACC-10034,2026-04-12T17:50:32,BA-20555833,596.67,Robinson-Barrett,USD
TX-25f4ab2a18,ACC-10034,2026-03-02T05:59:03,BA-55568701,336.25,Santos-Wood,USD
TX-333a38aa24,ACC-10034,2026-02-02T15:33:18,BA-20251466,768.17,Mcclure Group,USD
TX-f84df16446,ACC-10034,2026-01-23T03:24:09,BA-81216573,767.38,Saunders-Porter,USD
TX-c7b05fcb00,ACC-10034,2026-05-31T17:29:08,BA-56892354,529.89,Marquez PLC,USD
TX-4ab36fdf91,ACC-10034,2026-05-06T07:58:56,BA-29822594,358.22,King Inc,USD
TX-b9b8176431,ACC-10034,2026-01-29T10:28:46,BA-44355473,299.92,"Nguyen, Mccoy and Price",USD
TX-4a4bd54987,ACC-10034,2026-04-27T23:22:57,BA-30517835,1141.52,"Anderson, Thompson and Gill",USD
TX-c5b22f8311,ACC-10035,2026-05-02T19:02:41,BA-52431444,230.68,Taylor-Harrison,USD
TX-d8209a4a71,ACC-10035,2026-01-14T06:14:13,BA-72937522,666.1,Hendricks Inc,USD
TX-846dc37875,ACC-10035,2026-02-28T19:14:43,BA-46866075,889.17,Hensley Ltd,USD
TX-718a5f5f6c,ACC-10035,2026-03-10T08:10:10,BA-78093604,115.92,"Brooks, Sullivan and Perry",USD
TX-a9c1b2810e,ACC-10035,2026-03-31T15:52:33,BA-70654852,61.22,Waller-Brooks,USD
TX-bf964c30bf,ACC-10035,2026-03-13T14:26:30,BA-48530827,119.71,Parker-Archer,USD
TX-f92be9553d,ACC-10035,2026-01-18T12:48:43,BA-92545028,893.15,Ortiz Inc,USD
TX-c00e2d2b57,ACC-10036,2026-01-08T14:24:55,BA-43251599,1062.89,Livingston Ltd,USD
TX-d40c696bd8,ACC-10036,2026-03-27T07:51:14,BA-80339290,786.51,"Vasquez, Pope and Cook",USD
TX-8c1d5bf072,ACC-10036,2026-01-31T19:48:39,BA-58841557,562.41,Huynh PLC,USD
TX-3959ac1796,ACC-10036,2026-02-24T22:22:46,BA-61998170,616.11,Schneider Group,USD
TX-9c22dbd22b,ACC-10037,2026-03-09T22:16:58,BA-51638598,1451.71,"Neal, Smith and West",USD
TX-103514b6fa,ACC-10037,2026-05-16T15:09:09,BA-98870276,590.98,Martinez-Anderson,USD
TX-fad90e99cc,ACC-10037,2026-04-26T13:05:35,BA-21370793,467.82,Delgado Inc,USD
TX-9d2d86abbc,ACC-10037,2026-03-15T03:27:10,BA-96368203,1188.53,"Scott, Mullins and Miller",USD
TX-3fe1797cad,ACC-10038,2026-02-05T00:05:09,BA-38748452,515.89,"Martinez, Smith and Lee",USD
TX-975e307a5a,ACC-10038,2026-05-29T18:32:48,BA-75266178,292.05,"Smith, Coleman and Ferguson",USD
TX-c6129e31ed,ACC-10038,2026-01-27T17:06:03,BA-30796389,120.36,Sanchez-Stevenson,USD
TX-f32012e259,ACC-10038,2026-01-20T15:21:00,BA-78140959,1157.46,"Sutton, Williams and West",USD
TX-0e2392c76f,ACC-10038,2026-05-24T10:19:49,BA-80669879,61.43,Craig PLC,USD
TX-9c6ce6ef8f,ACC-10038,2026-03-07T09:26:08,BA-92950779,200.92,Thompson LLC,USD
TX-00dca4318e,ACC-10039,2026-02-07T16:10:51,BA-59370777,1019.07,"Garner, Lewis and Kennedy",USD
TX-436655a3e9,ACC-10039,2026-04-21T18:20:49,BA-69135982,695.21,"Garcia, Lopez and Vaughan",USD
TX-1c59e45599,ACC-10039,2026-02-24T17:09:05,BA-61254050,756.85,Cook-Rodriguez,USD
TX-c7f36f6df4,ACC-10039,2026-03-23T07:06:03,BA-31751079,1226.25,"Smith, Arnold and Atkins",USD
TX-30bc355077,ACC-10039,2026-04-28T09:56:09,BA-28575536,1310.14,Ward-Patrick,USD
TX-c793254d4a,ACC-10039,2026-01-11T03:10:31,BA-96057593,723.48,"Maxwell, Rice and Watson",USD
TX-386c768e52,ACC-10039,2026-03-14T01:58:25,BA-84429198,1401.77,"Hill, Silva and Miller",USD
TX-dbf8c910c8,ACC-10039,2026-05-19T03:22:07,BA-79244185,1277.49,Anderson Ltd,USD
TX-d04b2c9ab6,ACC-10039,2026-02-25T08:29:23,BA-21257528,1145.86,"Martinez, Willis and Barr",USD
TX-074e67a66e,ACC-10040,2026-01-16T20:18:32,BA-60319927,340.69,Huber LLC,USD
TX-d87835ebe9,ACC-10040,2026-03-03T21:10:44,BA-23298711,1259.57,Jones-Cook,USD
TX-5f55d69463,ACC-10040,2026-05-07T05:02:10,BA-55001909,1188.11,Mclean-Gillespie,USD
TX-72d1c5b6a7,ACC-10040,2026-01-27T17:15:38,BA-15140967,433.88,Munoz and Sons,USD
TX-29ef78f690,ACC-10040,2026-04-02T17:47:58,BA-28628439,1139.47,Moreno-Greene,USD
TX-744e1e4a31,ACC-10040,2026-04-02T02:12:41,BA-70210270,924.95,"Coleman, Barry and Mcdaniel",USD
TX-2dd3a4481b,ACC-10040,2026-01-16T09:13:07,BA-12550658,387.61,"Roth, Bailey and Garcia",USD
TX-b83290b8bd,ACC-10040,2026-01-30T00:48:42,BA-83659258,1410.64,Stanley-Cantu,USD
TX-8ea58e535d,ACC-10041,2026-05-10T00:11:40,BA-99686286,132.99,"Gamble, Davis and Smith",USD
TX-a81c31d2e3,ACC-10041,2026-03-12T00:32:07,BA-19083764,1430.34,Payne-Novak,USD
TX-cb29999e67,ACC-10041,2026-04-16T15:36:20,BA-78092370,1180.69,Porter Group,USD
TX-f406d012ad,ACC-10041,2026-04-09T13:41:33,BA-84377016,35.4,Jackson-Phillips,USD
TX-7a356950e6,ACC-10042,2026-05-16T00:44:55,BA-74227366,949.45,"Ray, Smith and Cervantes",USD
TX-d1edfcde18,ACC-10042,2026-01-27T04:27:30,BA-18469210,1075.49,Turner LLC,USD
TX-e2dcb158eb,ACC-10042,2026-03-30T20:56:29,BA-14963880,443.7,"Fuentes, Martinez and Porter",USD
TX-96b042c89e,ACC-10042,2026-01-09T12:09:07,BA-36772387,1329.26,Gutierrez-Bell,USD
TX-9a6f87afa7,ACC-10042,2026-03-03T06:46:59,BA-51617680,775.5,"Simmons, Dickson and Rogers",USD
TX-6844c0d61f,ACC-10042,2026-04-16T10:42:23,BA-73538641,383.7,Ellis LLC,USD
TX-3187979676,ACC-10042,2026-05-27T06:35:24,BA-96825515,290.7,Tran and Sons,USD
TX-782f3b07d3,ACC-10042,2026-03-11T07:37:12,BA-16416148,1299.37,"Graham, Mitchell and Keller",USD
TX-ec231e684e,ACC-10042,2026-03-06T10:52:52,BA-46670512,191.09,"Kim, Campbell and Oliver",USD
TX-3f841adc08,ACC-10043,2026-04-16T22:05:41,BA-49428661,485.21,Hill-Gonzalez,USD
TX-d558094e76,ACC-10043,2026-01-16T13:08:53,BA-54012664,993.07,Bailey PLC,USD
TX-e96937891e,ACC-10043,2026-03-01T12:22:27,BA-69849800,905.92,"Phillips, Mcgee and Simpson",USD
TX-970a261dcd,ACC-10043,2026-03-24T17:50:41,BA-32366682,1036.2,"Potts, Nielsen and Wright",USD
TX-1c0489e18d,ACC-10044,2026-01-07T18:10:29,BA-26942307,105.51,Hoffman Ltd,USD
TX-8d48220c39,ACC-10044,2026-05-06T06:40:36,BA-59167775,546.42,"Shah, Aguirre and Powers",USD
TX-53a108d575,ACC-10044,2026-04-21T03:33:05,BA-14346684,909.62,"Stafford, Fisher and Avila",USD
TX-e1c66594ad,ACC-10044,2026-05-12T20:39:30,BA-70387584,1423.49,Li-Gonzalez,USD
TX-850ffde8ba,ACC-10044,2026-03-14T05:42:28,BA-69584522,1145.81,Lang Group,USD
TX-ca16a4307c,ACC-10044,2026-04-22T10:40:09,BA-28481124,796.54,Mooney Group,USD
TX-5295e057e0,ACC-10044,2026-03-19T06:58:23,BA-52196099,976.09,Martinez and Sons,USD
TX-4f7a0ad426,ACC-10044,2026-02-18T11:16:28,BA-25226815,43.74,"Murphy, Reyes and Ray",USD
TX-21229c01cb,ACC-10044,2026-02-06T03:02:48,BA-76980546,779.03,Smith-Logan,USD
TX-214a7d3c6a,ACC-10045,2026-02-26T09:11:10,BA-50259503,1277.79,Cook-Thompson,USD
TX-194b52a27d,ACC-10045,2026-05-19T05:16:15,BA-95590648,265.27,Ibarra-Jackson,USD
TX-d59aed98fe,ACC-10045,2026-03-12T04:40:32,BA-78284040,340.24,Wheeler Group,USD
TX-61c161bbf9,ACC-10045,2026-02-09T00:38:11,BA-28639738,358.92,"Smith, Marks and Kennedy",USD
TX-3aea98490b,ACC-10045,2026-04-06T22:18:32,BA-13527782,544.54,Fuentes PLC,USD
TX-2b50123047,ACC-10045,2026-04-22T03:00:21,BA-59514418,703.77,"Mooney, Conley and Fox",USD
TX-25f45ce23d,ACC-10045,2026-04-18T02:51:39,BA-27417599,919.86,Fischer Inc,USD
TX-d7eb0c8d3a,ACC-10045,2026-01-17T17:47:35,BA-18824561,467.39,Torres Ltd,USD
TX-b42f9befde,ACC-10045,2026-05-20T05:09:09,BA-74245343,790.92,Chavez-Navarro,USD
TX-025ef64435,ACC-10045,2026-05-30T08:33:59,BA-64953237,1235.89,"Scott, Tucker and Diaz",USD
TX-c774cc20a2,ACC-10046,2026-05-05T05:39:20,BA-88891300,277.03,"Gonzalez, Richards and Miller",USD
TX-7981a01ee0,ACC-10046,2026-01-26T01:20:13,BA-68065043,756.78,Johnson LLC,USD
TX-de048d3890,ACC-10046,2026-01-11T18:14:33,BA-26664623,779.56,Cain Ltd,USD
TX-37798f4f6c,ACC-10046,2026-03-01T01:19:23,BA-32099899,247.14,Henderson-Rasmussen,USD
TX-32c148e624,ACC-10046,2026-05-18T17:43:38,BA-40262109,522.3,Orozco LLC,USD
TX-2967eb84ec,ACC-10046,2026-04-11T18:14:20,BA-48124318,1269.67,"Collins, Elliott and Shelton",USD
TX-091235ecb5,ACC-10046,2026-02-18T15:54:19,BA-36347197,954.41,Brock-Taylor,USD
TX-f2d2ec8286,ACC-10046,2026-04-17T23:06:25,BA-46836194,192.13,Wright Group,USD
TX-5befd8389d,ACC-10046,2026-02-28T19:15:53,BA-92467167,802.55,"Gonzalez, Torres and Evans",USD
TX-5c1a7b9e5d,ACC-10046,2026-04-08T14:09:38,BA-96031876,257.11,"Murray, White and Patton",USD
TX-287158f37e,ACC-10047,2026-02-27T18:08:32,BA-70873663,114.09,"Sutton, Smith and Olson",USD
TX-6f10f0126d,ACC-10047,2026-01-12T15:12:53,BA-31217198,662.21,Cannon-Dominguez,USD
TX-a8cf1b2d4c,ACC-10047,2026-04-05T00:46:25,BA-72336371,310.01,Miles-Dunn,USD
TX-b9a5614422,ACC-10047,2026-04-28T19:14:30,BA-29282885,472.31,Kim PLC,USD
TX-a0010749f2,ACC-10047,2026-05-20T11:48:49,BA-52857920,1102.63,Bell-Cooper,USD
TX-a69b2403cb,ACC-10047,2026-03-09T01:32:36,BA-63514837,200.5,Allen Inc,USD
TX-45baabcccd,ACC-10047,2026-03-13T22:50:32,BA-79119463,844.67,"Smith, Gutierrez and Goodwin",USD
TX-c0b7260416,ACC-10047,2026-03-03T23:11:16,BA-42445506,702.38,"Bradley, Ritter and Smith",USD
TX-6b80525f19,ACC-10048,2026-04-10T22:47:29,BA-72654864,750.65,Johnson PLC,USD
TX-fdb3097a3f,ACC-10048,2026-03-01T21:54:10,BA-76755908,39.65,Rogers-Russell,USD
TX-c45a8e8d80,ACC-10048,2026-03-18T08:38:29,BA-77839607,688.56,"Brooks, Dunlap and Carter",USD
TX-624a409b44,ACC-10048,2026-02-16T17:52:36,BA-38876195,877.1,Martin Inc,USD
TX-bed387c900,ACC-10048,2026-01-10T10:45:48,BA-16783418,425.63,Conrad-Buck,USD
TX-55fede8749,ACC-10048,2026-04-27T00:38:21,BA-97813295,1010.42,Rodriguez and Sons,USD
TX-c62117ad8f,ACC-10048,2026-02-25T11:41:02,BA-82033413,17.23,Dixon-Norman,USD
TX-3c6ec0a4aa,ACC-10048,2026-01-21T20:58:21,BA-67838146,205.23,"Logan, Marquez and Case",USD
TX-2862e249e9,ACC-10048,2026-02-21T08:31:58,BA-59093843,1146.97,Rivas-Johnson,USD
TX-347a303ed2,ACC-10049,2026-03-18T11:43:27,BA-60089832,1193.37,Williams Ltd,USD
TX-e88f65667d,ACC-10049,2026-03-07T20:15:07,BA-84870921,1408.73,"Clark, Stone and Andrews",USD
TX-a7a8b8916f,ACC-10049,2026-05-27T14:23:33,BA-29363237,302.59,"Edwards, Reed and Martin",USD
TX-e8c596d82d,ACC-10050,2026-04-03T05:09:35,BA-12232974,555.69,Decker LLC,USD
TX-6f28c9dfdd,ACC-10050,2026-05-11T20:09:55,BA-24710878,1469.95,Coleman-Paul,USD
TX-d03a66147a,ACC-10050,2026-04-24T08:14:56,BA-51295819,1196.15,Hill-Harris,USD
TX-fab57589a6,ACC-10050,2026-05-21T20:15:20,BA-94457912,44.84,Costa-Johnston,USD
TX-5387dd7b72,ACC-10050,2026-04-03T03:45:02,BA-45638891,1450.77,Carter-Davis,USD
TX-1911f41e62,ACC-10050,2026-05-31T17:10:37,BA-87641510,868.56,Hoffman-Webb,USD
TX-83fbe95427,ACC-10051,2026-01-29T16:41:04,BA-42507072,52.2,"Russell, Smith and Vaughn",USD
TX-c3d8bd86c3,ACC-10051,2026-05-17T00:39:50,BA-24749927,290.22,"Norton, Gardner and Edwards",USD
TX-41168a3b84,ACC-10051,2026-03-27T15:23:19,BA-52103092,631.08,"Young, Murray and Webb",USD
TX-d24a44efe3,ACC-10051,2026-03-22T04:32:00,BA-37365878,618.51,"Trevino, Haney and Miller",USD
TX-094cd71f47,ACC-10051,2026-05-31T11:37:57,BA-92071195,1381.18,Simmons Inc,USD
TX-6b2073b3b6,ACC-10051,2026-05-23T21:15:00,BA-18359252,1060.13,Martinez-Smith,USD
TX-f9c9bfb43b,ACC-10051,2026-04-11T17:14:20,BA-37828932,843.53,"Goodman, Martin and Kim",USD
TX-c8078ef6bf,ACC-10051,2026-05-09T14:12:02,BA-74205866,790.59,Williams Group,USD
TX-92846a7476,ACC-10052,2026-05-30T17:55:57,BA-48789478,1058.83,Rios Ltd,USD
TX-10951f7e8d,ACC-10052,2026-05-15T00:45:04,BA-75632882,478.98,Cook Ltd,USD
TX-9326cfa17e,ACC-10052,2026-03-09T17:32:26,BA-85227370,1400.88,Hurst-Jackson,USD
TX-819f6f4608,ACC-10052,2026-05-21T03:11:59,BA-46702849,435.25,"Bowen, Diaz and Smith",USD
TX-685d04fabf,ACC-10052,2026-04-22T08:35:44,BA-82905845,572.64,"Powell, Monroe and Caldwell",USD
TX-da186faa5c,ACC-10052,2026-03-18T14:39:16,BA-56323191,1432.14,Lee PLC,USD
TX-b8d14f3ba3,ACC-10053,2026-04-20T03:11:37,BA-46456416,210.22,Owens and Sons,USD
TX-1a2e3e0640,ACC-10053,2026-04-30T13:15:46,BA-88763056,362.73,Gonzales PLC,USD
TX-879a10b689,ACC-10053,2026-01-10T20:35:02,BA-99903592,1358.25,Watkins-Neal,USD
TX-588ad2b529,ACC-10053,2026-02-13T19:42:21,BA-95623471,353.09,"Ross, Flowers and King",USD
TX-9aa2dd1859,ACC-10053,2026-01-20T10:57:22,BA-65472370,498.79,Burke-Olson,USD
TX-1c246ddd9d,ACC-10053,2026-04-02T17:33:42,BA-23494908,1023.38,Evans-Arellano,USD
TX-d28066492d,ACC-10054,2026-05-30T06:31:05,BA-22007214,980.19,"White, Hernandez and Collins",USD
TX-7f224ee7b1,ACC-10054,2026-02-15T02:13:28,BA-81826922,1109.34,"Nicholson, Johnson and Mullen",USD
TX-bf0e433624,ACC-10055,2026-04-07T04:39:22,BA-35006323,1405.23,"Scott, Robertson and Mendez",USD
TX-a56d16c808,ACC-10055,2026-02-26T05:00:49,BA-15028625,18.85,Graham-Marshall,USD
TX-421994f9f9,ACC-10055,2026-04-21T06:53:38,BA-90904160,165.41,Martinez Group,USD
TX-a05bf796b2,ACC-10055,2026-03-07T01:24:33,BA-48193218,684.25,Richardson-Small,USD
TX-5509017bdd,ACC-10055,2026-05-05T12:43:56,BA-82920556,788.86,"Wood, Simmons and Leonard",USD
TX-318e6b4573,ACC-10055,2026-01-27T01:25:01,BA-77674279,704.69,Daniels and Sons,USD
TX-cd5941a061,ACC-10055,2026-02-07T10:33:58,BA-25119192,499.37,Kelly-Smith,USD
TX-6bb830add5,ACC-10055,2026-05-22T23:15:45,BA-71594457,974.19,Evans-Johnson,USD
TX-0feb72ce01,ACC-10056,2026-03-05T16:14:56,BA-21641746,604.25,Dickerson-Porter,USD
TX-5f012d975c,ACC-10056,2026-01-19T12:31:36,BA-34800912,1472.62,"Wolfe, Chambers and Scott",USD
TX-637591b657,ACC-10056,2026-04-03T17:05:50,BA-53433080,1404.06,Guerrero PLC,USD
TX-ecae2c06de,ACC-10056,2026-01-02T07:49:50,BA-45002007,578.44,Welch PLC,USD
TX-d85e6905b2,ACC-10056,2026-03-28T17:56:18,BA-45835371,1431.28,Miller-Adkins,USD
TX-2195e16fe3,ACC-10056,2026-02-28T15:10:10,BA-88176558,1085.71,"Wood, Carter and Stewart",USD
TX-365000923f,ACC-10056,2026-01-03T05:17:39,BA-45105069,982.26,"Mcdonald, Moore and Richards",USD
TX-86fc947ef6,ACC-10056,2026-05-15T12:32:08,BA-41715995,97.88,"Bell, Reynolds and Forbes",USD
TX-078a30166f,ACC-10056,2026-01-23T22:58:03,BA-72464258,463.68,Potter LLC,USD
TX-252b30711d,ACC-10056,2026-03-20T17:22:42,BA-77447155,1385.04,"Manning, Fritz and Brooks",USD
TX-8821e82ef9,ACC-10057,2026-05-28T01:30:33,BA-82144402,1203.98,"Walters, Alvarez and Gonzales",USD
TX-0e605debf4,ACC-10057,2026-02-12T09:52:18,BA-43214247,1022.11,Moore-Trujillo,USD
TX-3af82f0c23,ACC-10057,2026-04-26T16:41:47,BA-20988446,790.63,Thomas LLC,USD
TX-d29e3d0e12,ACC-10057,2026-04-13T13:27:54,BA-58557943,121.76,Scott-Perez,USD
TX-8d91844623,ACC-10057,2026-04-20T13:13:00,BA-25060409,97.33,Aguilar and Sons,USD
TX-a048c62c0b,ACC-10057,2026-04-17T08:13:49,BA-77845324,307.22,"Smith, Diaz and Romero",USD
TX-2d7ccacde4,ACC-10057,2026-04-15T05:01:03,BA-30112846,250.98,"Sullivan, Montgomery and Jacks",USD
TX-7ddc49431f,ACC-10057,2026-04-12T00:58:02,BA-69302835,178.78,Schneider-Matthews,USD
TX-f5a6c65236,ACC-10057,2026-02-09T21:14:25,BA-88268756,735.8,"Edwards, Brooks and Grimes",USD
TX-080470fc49,ACC-10058,2026-04-02T16:00:40,BA-14259382,434.2,Harrington Group,USD
TX-9a46efc27b,ACC-10058,2026-02-04T22:46:25,BA-28176954,1149.91,"Moyer, Mccarthy and Wright",USD
TX-cb09034831,ACC-10058,2026-05-22T14:44:07,BA-96688655,1445.85,"Willis, Brown and Brown",USD
TX-500fa9984d,ACC-10059,2026-02-27T22:28:20,BA-72143331,1011.88,"Turner, Key and Miller",USD
TX-5fe333f2e6,ACC-10059,2026-04-16T17:17:57,BA-66925500,800.24,"Patrick, Liu and Smith",USD
TX-b9fb8ff1a0,ACC-10060,2026-01-20T14:12:45,BA-89717834,55.2,Sanders PLC,USD
TX-91043b35c3,ACC-10060,2026-04-27T01:52:46,BA-16533225,370.88,Thomas Ltd,USD
TX-a9ddd93451,ACC-10060,2026-01-09T14:09:29,BA-63991141,661.25,Parsons and Sons,USD
TX-8ea2deb91d,ACC-10061,2026-04-25T21:22:07,BA-33505978,940.86,Poole-Garcia,USD
TX-4bf2187a5e,ACC-10061,2026-03-24T22:53:56,BA-84605013,745.95,"Davis, Sullivan and Howell",USD
TX-75c19a975a,ACC-10061,2026-03-08T21:05:21,BA-96344420,1008.66,"Lopez, Reyes and Baker",USD
TX-bb51f7ad0f,ACC-10061,2026-04-12T20:10:30,BA-52779814,1045.98,"Washington, Rogers and Kim",USD
TX-0760fcdf49,ACC-10061,2026-03-21T06:37:32,BA-30027648,453.33,Fischer-Chung,USD
TX-8155cef7ed,ACC-10061,2026-02-05T16:56:17,BA-82199509,712.91,Smith-Lopez,USD
TX-c617768264,ACC-10061,2026-02-13T18:10:54,BA-50364158,1287.02,Stout-Graves,USD
TX-d5f41555c1,ACC-10061,2026-01-29T00:43:40,BA-72146184,1372.54,"Phillips, Castro and Thompson",USD
TX-1970d55b82,ACC-10061,2026-04-20T04:54:30,BA-65388634,1451.84,"Dominguez, Gonzalez and Davis",USD
TX-8bffb70ed2,ACC-10061,2026-04-19T05:08:40,BA-81134297,205.47,"Melendez, Alvarado and Phelps",USD
TX-d591d33bb9,ACC-10062,2026-01-15T03:11:58,BA-35254849,1207.95,"Harper, Jordan and Duran",USD
TX-c23a0ca8c8,ACC-10062,2026-04-25T02:20:18,BA-85007641,329.44,Andersen and Sons,USD
TX-84927b02ee,ACC-10063,2026-03-19T00:26:21,BA-42122457,830.36,Rasmussen Group,USD
TX-43aad1eca5,ACC-10063,2026-05-31T14:09:23,BA-47991562,574.09,Bell PLC,USD
TX-87014fceec,ACC-10063,2026-04-14T14:59:23,BA-97069904,542.09,Colon Ltd,USD
TX-d1991461c7,ACC-10063,2026-02-20T18:57:55,BA-58270683,771.66,Rodgers-Warren,USD
TX-f263f2039e,ACC-10063,2026-04-07T13:28:48,BA-72546007,152.42,Hicks Ltd,USD
TX-0d55aa6804,ACC-10064,2026-02-19T23:13:46,BA-75581613,1449.93,Macias-Richardson,USD
TX-f1386c0a3f,ACC-10064,2026-05-05T14:30:46,BA-75846624,693.94,Reynolds LLC,USD
TX-9a1b0e2332,ACC-10064,2026-05-23T06:57:58,BA-57268285,258.05,Williams Group,USD
TX-2ae4378049,ACC-10064,2026-05-20T20:54:15,BA-83356206,735.03,"Hobbs, Christian and Archer",USD
TX-2d6d839f9c,ACC-10064,2026-04-16T06:32:27,BA-96142207,1436.07,Larsen LLC,USD
TX-7108274c82,ACC-10064,2026-04-12T17:45:28,BA-14539747,1259.41,Mcmahon Group,USD
TX-3c0eb9322c,ACC-10064,2026-01-15T10:24:17,BA-99686372,77.53,Murray-Chavez,USD
TX-028470e696,ACC-10065,2026-04-09T04:53:10,BA-71204580,562.94,"Reynolds, Hahn and Johnson",USD
TX-c320d387e1,ACC-10065,2026-04-30T23:19:15,BA-95594482,1001.8,Cruz Ltd,USD
TX-7ed3b07d8d,ACC-10065,2026-04-30T17:11:18,BA-74854563,990.63,Nelson Ltd,USD
TX-74aa0013c6,ACC-10065,2026-01-04T01:18:55,BA-10887495,800.66,"Elliott, Moore and Morales",USD
TX-ae8d2c0147,ACC-10065,2026-03-21T20:58:35,BA-11590610,30.01,Hernandez LLC,USD
TX-7a49cad301,ACC-10066,2026-02-21T21:49:24,BA-63270536,123.13,"Johnson, Wiggins and House",USD
TX-4fbf95ede4,ACC-10066,2026-03-20T20:13:29,BA-71605634,849.68,Navarro Inc,USD
TX-b44f208145,ACC-10066,2026-05-16T09:21:24,BA-40314047,453.46,James-Conway,USD
TX-c19a509637,ACC-10066,2026-01-16T15:42:07,BA-97742922,1487.55,Price-Dominguez,USD
TX-97181372f2,ACC-10066,2026-05-07T04:43:39,BA-14252622,144.78,Terry-Rogers,USD
TX-e144fba4b3,ACC-10066,2026-03-15T15:29:54,BA-60622842,831.29,"Nash, Mueller and Russell",USD
TX-846bd08487,ACC-10066,2026-01-11T21:30:52,BA-95462880,19.13,Anderson-Reed,USD
TX-79de47512d,ACC-10067,2026-02-22T15:23:40,BA-16249441,1386.62,Evans-Burns,USD
TX-94aa5f2dd7,ACC-10067,2026-05-13T21:40:08,BA-47631028,1349.47,"Duarte, Lee and Matthews",USD
TX-ca983ed8df,ACC-10067,2026-04-20T10:08:46,BA-98329927,54.19,Vazquez Group,USD
TX-2e973f8ea0,ACC-10067,2026-03-03T01:36:17,BA-12101593,1442.4,Hobbs-Nguyen,USD
TX-f7043ea4a8,ACC-10067,2026-04-24T23:47:11,BA-29353063,1129.62,Ford-Nolan,USD
TX-1ef8e4c9b0,ACC-10067,2026-05-19T09:28:33,BA-63458386,1393.67,Hernandez-Rojas,USD
TX-a92debe276,ACC-10067,2026-02-28T02:43:53,BA-31803703,848.12,Barnes-Johnson,USD
TX-59ed0a2ddb,ACC-10067,2026-04-21T00:59:39,BA-62231715,1017.17,Kramer Group,USD
TX-7de88b8b09,ACC-10067,2026-04-15T23:12:12,BA-54524025,578.85,"Hernandez, Diaz and Hamilton",USD
TX-6eec242805,ACC-10068,2026-05-31T05:01:37,BA-53805532,49.29,Waters-Moody,USD
TX-91b27231fc,ACC-10068,2026-02-23T01:47:46,BA-70471823,738.45,Joseph-Cox,USD
TX-c920c37d99,ACC-10068,2026-03-11T02:12:01,BA-84227466,1412.01,Wells and Sons,USD
TX-8422cd9c19,ACC-10068,2026-03-25T20:33:26,BA-34929311,1021.14,"Smith, Kelly and Oliver",USD
TX-29d97c0edf,ACC-10068,2026-05-09T06:57:15,BA-61012496,133.11,"Thomas, Nelson and Flores",USD
TX-66df5e459e,ACC-10068,2026-05-01T02:57:32,BA-49645162,1198.09,Jacobs-Herrera,USD
TX-9c97a81412,ACC-10068,2026-05-19T11:19:35,BA-19865900,127.65,"Lopez, Bradshaw and Jacobs",USD
TX-e86a3bddb3,ACC-10068,2026-01-30T22:43:18,BA-61002735,1068.96,Quinn-Moss,USD
TX-839f86a244,ACC-10069,2026-02-06T09:18:32,BA-67845091,676.02,Morales-Brown,USD
TX-194a90b43f,ACC-10069,2026-04-18T17:16:32,BA-78778646,615.03,May-Foster,USD
TX-ec49d82eba,ACC-10069,2026-01-06T02:23:21,BA-22028437,534.1,Kelley Inc,USD
TX-133167679b,ACC-10070,2026-02-17T03:15:43,BA-86767229,784.05,Davenport PLC,USD
TX-80cbc0440b,ACC-10070,2026-05-14T01:48:14,BA-61100987,258.41,Cook-Murphy,USD
TX-72a55cc2d3,ACC-10070,2026-02-22T05:15:11,BA-50417154,406.27,Long-Santos,USD
TX-08fe76e0d1,ACC-10070,2026-01-29T08:06:20,BA-18491573,254.98,Johnson-Morrison,USD
TX-37d0390c16,ACC-10070,2026-02-23T14:04:31,BA-66519399,453.13,"Powers, Carrillo and Harris",USD
TX-2a3ffdd5cf,ACC-10070,2026-01-15T22:28:46,BA-58469365,381.29,Williams Inc,USD
TX-741dcd3a8f,ACC-10070,2026-02-17T21:11:34,BA-93890601,746.22,"Fitzpatrick, Harris and Wolf",USD
TX-36eb335f73,ACC-10070,2026-04-30T17:53:05,BA-36246038,689.5,"Burgess, Whitaker and Craig",USD
TX-9ad51e97a7,ACC-10070,2026-01-27T07:25:37,BA-50890504,15.12,"Meyers, Ward and Brown",USD
TX-21be69bc60,ACC-10070,2026-03-18T20:03:29,BA-54589439,1263.21,"Hall, Zamora and Bridges",USD
TX-fa238c137b,ACC-10071,2026-03-05T06:44:23,BA-60473288,424.05,Weaver Inc,USD
TX-e3b11cf944,ACC-10071,2026-03-18T07:12:37,BA-58991556,175.26,Johnson Inc,USD
TX-da47135d34,ACC-10071,2026-04-20T11:44:01,BA-36816708,890.38,Martinez-Lopez,USD
TX-c1619ba99e,ACC-10071,2026-04-16T22:48:57,BA-34149421,1024.16,"Jones, King and Tapia",USD
TX-4adbc24df4,ACC-10071,2026-04-17T19:38:52,BA-13612618,1429.74,Duffy-Stanley,USD
TX-6f917b670c,ACC-10072,2026-04-16T13:34:13,BA-14934536,1187.13,Obrien-Camacho,USD
TX-3e71f3c85e,ACC-10072,2026-03-11T19:31:43,BA-82062301,892.76,"Solomon, Mendoza and Avery",USD
TX-6b3d32465e,ACC-10072,2026-01-17T12:02:40,BA-24679315,1154.59,"Oneal, Lucas and Campos",USD
TX-88db7cc32b,ACC-10072,2026-05-08T16:38:44,BA-99213703,535.74,Allen PLC,USD
TX-dcfb2403ff,ACC-10072,2026-05-06T15:14:16,BA-92232236,71.22,Crawford-Jones,USD
TX-81554194a3,ACC-10072,2026-05-06T06:03:47,BA-96804457,602.43,"Johnson, Jones and Miller",USD
TX-52035fd014,ACC-10072,2026-05-27T03:45:21,BA-54506155,1448.75,Mejia Inc,USD
TX-e536ea35f6,ACC-10072,2026-03-25T14:04:05,BA-24219637,20.77,Ramirez-Campbell,USD
TX-e54533c8e2,ACC-10073,2026-04-04T17:52:34,BA-24032377,446.67,Bowers Ltd,USD
TX-7d24e55edf,ACC-10073,2026-01-17T16:06:44,BA-25578562,1247.82,"Henderson, Williams and Keller",USD
TX-73e7fa3d96,ACC-10074,2026-01-14T01:03:18,BA-50300763,71.8,Kim LLC,USD
TX-5f4ff1532d,ACC-10074,2026-05-19T00:28:12,BA-25446483,38.76,Adams LLC,USD
TX-dd90dd00c6,ACC-10074,2026-03-08T14:51:32,BA-96969050,168.5,Moore-Robinson,USD
TX-9da09c14ee,ACC-10074,2026-02-01T21:56:44,BA-42737441,776.41,"Newman, George and Patrick",USD
TX-48cf572230,ACC-10074,2026-04-18T04:05:18,BA-31493051,499.83,Werner LLC,USD
TX-a81c71a273,ACC-10074,2026-03-24T19:01:31,BA-72015859,351.62,Hodges Inc,USD
TX-a8ac976e8b,ACC-10074,2026-03-20T15:39:28,BA-94524999,280.76,"Moon, Davis and Dominguez",USD
TX-a770d00d14,ACC-10075,2026-02-20T22:39:19,BA-75697427,793.93,Rivera-Klein,USD
TX-75e4bd8be0,ACC-10075,2026-05-05T02:27:42,BA-52064387,897.47,"Sharp, Adams and Thomas",USD
TX-a3ef54108f,ACC-10075,2026-04-29T16:54:13,BA-62686364,882.57,Davis Group,USD
TX-d05ede79c9,ACC-10076,2026-04-10T04:36:59,BA-62138657,630.27,"Nguyen, Allen and Hernandez",USD
TX-343f4a17af,ACC-10076,2026-01-27T18:30:29,BA-87149161,578.65,Johnson Inc,USD
TX-dc8a65b8be,ACC-10076,2026-02-06T01:40:29,BA-75319770,955.07,"Golden, Hernandez and Bolton",USD
TX-648fdf2864,ACC-10076,2026-05-15T15:37:53,BA-96605343,1396.39,Hernandez Inc,USD
TX-9707e95d2c,ACC-10077,2026-01-27T12:17:52,BA-36189702,1223.75,"Sims, Conner and Wells",USD
TX-e86c18762a,ACC-10077,2026-04-20T01:09:43,BA-77838742,981.34,Hickman-Sloan,USD
TX-61b001ee29,ACC-10077,2026-03-21T10:42:15,BA-75998330,626.37,"Armstrong, Leblanc and Davenpo",USD
TX-b9154db9e6,ACC-10077,2026-03-28T04:29:56,BA-75592138,255.04,Cole LLC,USD
TX-df1581ba4f,ACC-10077,2026-04-20T18:56:41,BA-14142053,1194.84,"Phelps, Montoya and Barnett",USD
TX-ddcb398035,ACC-10077,2026-02-12T19:44:31,BA-49203644,53.88,"King, Baker and Schmidt",USD
TX-f50756068f,ACC-10077,2026-02-13T15:50:46,BA-82156607,436.56,Walker Group,USD
TX-24f53365b6,ACC-10077,2026-03-30T19:16:19,BA-85920319,1115.06,Sanders Group,USD
TX-ec17a91dd1,ACC-10077,2026-05-29T17:26:37,BA-76479831,826.84,Benjamin LLC,USD
TX-bf4176f2f1,ACC-10078,2026-04-17T02:11:26,BA-39332201,1484.71,Montes Group,USD
TX-ad1b756c0b,ACC-10078,2026-01-20T21:17:42,BA-97734330,1128.26,Anderson Inc,USD
TX-f4ac94187c,ACC-10078,2026-02-27T19:25:27,BA-14325890,677.35,"Meyer, Miranda and Watkins",USD
TX-d49d21684f,ACC-10078,2026-03-09T16:29:11,BA-21674661,661.41,Snyder-Ferrell,USD
TX-db406abf8b,ACC-10078,2026-01-23T19:03:30,BA-41802361,318.77,"Juarez, Wilson and Cochran",USD
TX-ee77ac9cb5,ACC-10078,2026-05-24T05:31:32,BA-88909809,1035.25,"Stewart, Collins and Short",USD
TX-c00339c9fa,ACC-10078,2026-05-19T00:21:12,BA-91907952,950.99,Williams-Rodriguez,USD
TX-abfead4469,ACC-10078,2026-02-02T05:31:49,BA-92698414,213.16,Ortega-Murillo,USD
TX-a772443807,ACC-10078,2026-02-10T02:55:02,BA-37775381,1209.13,"Green, Gray and Hernandez",USD
TX-35507eab4d,ACC-10079,2026-02-18T01:41:19,BA-62707402,736.74,"Ortiz, Esparza and Day",USD
TX-018a4fe251,ACC-10079,2026-04-23T02:59:52,BA-94879557,406.73,Orozco-Davis,USD
TX-db7c878503,ACC-10079,2026-03-22T10:25:43,BA-60354777,680.73,Carr Inc,USD
TX-5e9690897b,ACC-10079,2026-05-04T00:55:09,BA-22494970,607.26,Moody-Herrera,USD
TX-d6106b034c,ACC-10079,2026-05-26T14:19:56,BA-47342819,1043.58,"Mays, Allen and Alvarez",USD
TX-a0a7323ba5,ACC-10079,2026-03-13T15:59:46,BA-71028216,1425.63,Weaver-Sandoval,USD
TX-bb92d42d0d,ACC-10079,2026-03-05T13:16:42,BA-88108751,8.7,"Chandler, Howe and Burns",USD
TX-35160baed6,ACC-10080,2026-02-11T03:17:57,BA-76399516,406.46,"Yates, Houston and Gonzalez",USD
TX-ec75a0c825,ACC-10080,2026-02-25T01:38:22,BA-55332729,823.23,Bennett-Nichols,USD
TX-1bcceb27f4,ACC-10080,2026-01-26T08:36:47,BA-85986307,1279.37,Baxter Inc,USD
TX-770c184560,ACC-10080,2026-03-08T17:56:33,BA-16497381,73.68,"Martinez, Brown and Mclaughlin",USD
TX-2e68b9d8a8,ACC-10080,2026-05-02T14:12:29,BA-71684020,29.34,"Herring, Wilson and Mendoza",USD
TX-36ec821230,ACC-10080,2026-01-31T16:15:23,BA-69228397,687.49,"Carpenter, Rojas and Taylor",USD
TX-e4d45b8c8a,ACC-10080,2026-03-25T01:41:21,BA-37154689,1493.56,"White, Liu and Lindsey",USD
TX-6eee96708f,ACC-10080,2026-01-26T14:45:34,BA-97241147,456.29,Odonnell PLC,USD
TX-dec3348c0d,ACC-10081,2026-01-01T05:03:45,BA-38644905,717.83,"Brewer, Estrada and Parker",USD
TX-69b06d212d,ACC-10081,2026-01-26T18:25:33,BA-89682313,343.16,Moore-Sanchez,USD
TX-b805ff7f89,ACC-10081,2026-05-13T00:56:57,BA-69735865,18.88,Avila-Anderson,USD
TX-f572d24002,ACC-10082,2026-01-14T06:49:16,BA-81203615,847.12,Morgan-Jones,USD
TX-2db7b467f4,ACC-10082,2026-04-29T12:17:37,BA-97244236,250.35,Peck-Dominguez,USD
TX-49155f6bfc,ACC-10082,2026-03-10T04:39:12,BA-38595818,943.98,"Carter, Stone and Russell",USD
TX-003f0aac3e,ACC-10082,2026-01-30T09:27:16,BA-65258766,926.03,"Williams, Richardson and Smith",USD
TX-e6cd52c86c,ACC-10083,2026-02-09T21:26:47,BA-79491111,912.36,Colon-Morrow,USD
TX-7aa2331e82,ACC-10083,2026-02-06T15:09:23,BA-62579931,446.84,Williams Inc,USD
TX-2b824e3101,ACC-10083,2026-01-11T14:18:38,BA-42123815,744.86,Rose-Salazar,USD
TX-1fa1982293,ACC-10083,2026-01-22T21:25:24,BA-42357445,751.88,Miller-Soto,USD
TX-68b6f458c0,ACC-10083,2026-04-26T07:54:48,BA-19531069,794.79,Hodge LLC,USD
TX-5c6bc75510,ACC-10083,2026-01-03T08:14:10,BA-58465780,1401.22,Chavez and Sons,USD
TX-873ff54a91,ACC-10084,2026-01-03T16:16:55,BA-45189912,327.54,Armstrong LLC,USD
TX-8a65eae638,ACC-10084,2026-01-12T17:48:19,BA-63415303,762.38,"Gallegos, Mueller and Mcdaniel",USD
TX-f6d8f36ee1,ACC-10084,2026-05-03T01:21:06,BA-77249653,1151.83,Hall-Simmons,USD
TX-d168212103,ACC-10085,2026-05-16T16:03:56,BA-68718382,1096.29,"Wright, Lynn and Sutton",USD
TX-c82c1bf64e,ACC-10085,2026-02-16T08:07:51,BA-17772004,370.5,"Johnston, Adams and Myers",USD
TX-6f2c1a474d,ACC-10085,2026-03-26T08:50:25,BA-25567455,682.79,Cline and Sons,USD
TX-c3d10e090c,ACC-10085,2026-04-29T05:21:52,BA-17385816,467.39,"Horne, Bradshaw and Michael",USD
TX-127323b170,ACC-10085,2026-05-25T00:32:32,BA-98322292,1112.28,Sullivan-Green,USD
TX-1f0f481405,ACC-10085,2026-01-24T04:38:41,BA-11699863,1063.31,"Becker, Murphy and Patel",USD
TX-a51dc71848,ACC-10086,2026-01-25T15:32:22,BA-46072958,1100.74,"Singleton, Warren and Allen",USD
TX-9a6351648a,ACC-10086,2026-01-23T22:11:03,BA-13940129,505.84,West-Stewart,USD
TX-04b3518d3e,ACC-10086,2026-03-25T08:47:51,BA-46504617,788.16,Moyer LLC,USD
TX-571d3d06aa,ACC-10086,2026-02-21T01:26:03,BA-87396877,943.16,Terry Ltd,USD
TX-f300dda153,ACC-10086,2026-04-07T08:12:54,BA-71095611,768.62,Campbell Inc,USD
TX-aecb83f95a,ACC-10086,2026-01-11T18:21:53,BA-77056519,1289.74,Parsons and Sons,USD
TX-6661cb8ed3,ACC-10086,2026-02-02T09:43:25,BA-59350218,240.18,Reyes-Moreno,USD
TX-64dabcecfd,ACC-10087,2026-03-12T16:15:12,BA-61402634,1380.74,Shaw LLC,USD
TX-8d78fc1f10,ACC-10087,2026-02-04T18:01:06,BA-14746418,831.53,"Lozano, Ponce and Burnett",USD
TX-b629deab12,ACC-10087,2026-05-19T15:34:41,BA-98007006,631.96,Duke-Johnson,USD
TX-97e561503b,ACC-10087,2026-03-04T11:42:21,BA-43321320,627.3,Khan Inc,USD
TX-7c1074e0ae,ACC-10087,2026-05-20T20:47:06,BA-52940967,410.53,Solis LLC,USD
TX-e62abb4735,ACC-10087,2026-01-16T02:58:48,BA-86710258,562.35,"Hall, Holland and Hall",USD
TX-f37b07542e,ACC-10087,2026-04-08T11:40:49,BA-17069536,273.12,Anderson Inc,USD
TX-e6f290861b,ACC-10087,2026-04-11T03:40:53,BA-16164431,1431.35,Oneill-Jones,USD
TX-6128d5e8e6,ACC-10087,2026-01-14T09:13:13,BA-72423883,1299.72,Nguyen Group,USD
TX-64e442dfaa,ACC-10088,2026-05-28T16:06:14,BA-42900372,230.1,Duncan LLC,USD
TX-419c6c5530,ACC-10088,2026-03-21T14:54:24,BA-13209180,353.33,Lane-Benton,USD
TX-c856341eaa,ACC-10088,2026-03-09T06:27:05,BA-95354668,1260.16,Carr-Hardy,USD
TX-63cb129d26,ACC-10088,2026-01-02T20:42:54,BA-54965270,7.19,Barry PLC,USD
TX-8ddd1240e2,ACC-10088,2026-05-08T15:15:28,BA-60502752,1274.26,"Gonzales, Lopez and Thompson",USD
TX-3365b75335,ACC-10088,2026-05-22T05:04:03,BA-51273379,160.4,Martin LLC,USD
TX-24e6edfaf0,ACC-10088,2026-04-13T21:06:52,BA-41966313,632.62,Estrada PLC,USD
TX-84fcc13651,ACC-10088,2026-01-12T15:07:52,BA-29109045,1068.92,Wolf-Lozano,USD
TX-98b591999b,ACC-10088,2026-01-19T01:32:08,BA-15892193,1382.31,"Rodriguez, Henry and Woodard",USD
TX-03e66f77cb,ACC-10088,2026-04-11T22:15:12,BA-65439545,1052.77,Taylor-Bean,USD
TX-2b6a1cdf35,ACC-10089,2026-05-17T01:37:04,BA-53788744,480.5,Taylor LLC,USD
TX-6e8f089dc0,ACC-10089,2026-02-22T19:24:22,BA-41354768,116.66,Hamilton-Rodriguez,USD
TX-8814d327ca,ACC-10089,2026-02-09T08:42:33,BA-28268622,1171.01,"Brown, Wilson and Bowers",USD
TX-a9475c22a8,ACC-10089,2026-04-24T12:56:13,BA-24626086,237.34,Williams Inc,USD
TX-8d57c7f59f,ACC-10089,2026-02-01T22:02:34,BA-70339827,701.75,"Sparks, Spencer and Garcia",USD
TX-b3ea2ee58b,ACC-10089,2026-03-20T22:29:08,BA-26205010,806.21,Hill-Harding,USD
TX-e03ab137a9,ACC-10089,2026-05-30T14:01:46,BA-37868462,680.62,Martin-Black,USD
TX-3618b16081,ACC-10089,2026-03-31T23:21:05,BA-45568761,1279.46,"Smith, Davis and Acosta",USD
TX-61e305a8fe,ACC-10090,2026-01-29T19:14:20,BA-22242388,1068.18,Wright-Bright,USD
TX-256d6b3ff2,ACC-10090,2026-03-11T01:52:53,BA-63183031,772.62,Stewart and Sons,USD
TX-8f1e9c3484,ACC-10090,2026-05-12T11:54:11,BA-50109721,393.95,Scott PLC,USD
TX-e3d19c1c20,ACC-10090,2026-02-03T18:16:56,BA-14171767,1428.38,"Johnson, Lawrence and Lucas",USD
TX-c1e70ec017,ACC-10090,2026-03-29T19:24:36,BA-84618850,1123.38,"Underwood, Noble and Foster",USD
TX-cbd99750c4,ACC-10090,2026-02-18T12:23:51,BA-22713811,695.75,"Rice, Vasquez and Walker",USD
TX-79914c29b9,ACC-10090,2026-01-28T03:28:58,BA-26301180,22.88,Gonzalez PLC,USD
TX-72dc8cef4e,ACC-10091,2026-02-08T09:35:00,BA-96702893,667.93,Reeves LLC,USD
TX-1f5c07f22e,ACC-10091,2026-01-26T00:12:43,BA-22345163,1358.09,Tyler Group,USD
TX-bba605776e,ACC-10091,2026-03-06T09:08:04,BA-26445384,68.83,Gomez Inc,USD
TX-cd0fbfd6fd,ACC-10092,2026-04-17T22:23:42,BA-74294443,96.16,Mccormick-Baker,USD
TX-416aabb0d6,ACC-10092,2026-02-24T07:51:02,BA-61407440,210.17,Wilkins LLC,USD
TX-add7d8cdac,ACC-10092,2026-02-08T17:32:26,BA-96255361,1327.56,Henderson-Diaz,USD
TX-2143d7b17a,ACC-10092,2026-04-13T02:28:16,BA-43440045,947.98,Morgan-Stafford,USD
TX-82fcc47762,ACC-10092,2026-04-16T13:37:25,BA-12621269,1484.16,"Hayes, Benton and Tate",USD
TX-679f09fc9a,ACC-10092,2026-05-19T12:32:53,BA-58199211,722.13,Lee PLC,USD
TX-16594b581e,ACC-10092,2026-04-05T02:46:12,BA-56175477,1369.45,"Johnson, Anderson and Vincent",USD
TX-85ff28d9c8,ACC-10092,2026-04-08T13:19:20,BA-53165014,585.63,Scott-Sullivan,USD
TX-d62decce44,ACC-10093,2026-01-31T23:54:19,BA-23439803,375.55,"Potter, Gordon and Johns",USD
TX-c3b041780a,ACC-10093,2026-02-16T19:51:12,BA-45772648,802.87,Robles-Whitney,USD
TX-2d8bb768df,ACC-10093,2026-05-24T02:56:57,BA-17503932,1147.25,Williams-Lowe,USD
TX-d064db8a3f,ACC-10093,2026-02-12T14:31:55,BA-87268086,1270.53,Scott-Delgado,USD
TX-eacd0b6430,ACC-10093,2026-03-17T10:10:48,BA-57621071,1403.13,Pearson-Morgan,USD
TX-3efd81c676,ACC-10094,2026-04-20T08:16:39,BA-35264294,1255.86,Garcia-Franco,USD
TX-52fba585ba,ACC-10094,2026-04-06T13:56:34,BA-82762732,467.03,"Taylor, Bennett and Johnson",USD
TX-7fe05b6e7d,ACC-10094,2026-04-06T05:35:57,BA-15095407,139.93,Hensley PLC,USD
TX-d7e7f041cd,ACC-10094,2026-02-15T04:06:12,BA-90753812,332.12,"Adkins, James and King",USD
TX-0c15eb0c4a,ACC-10095,2026-01-27T11:54:39,BA-31139813,1099.87,Chan-Martinez,USD
TX-9713fd6395,ACC-10095,2026-03-26T19:57:15,BA-95800828,1441.19,"Thomas, Richard and Richardson",USD
TX-09fbe69e49,ACC-10095,2026-05-07T01:23:57,BA-52585056,265.43,Page Inc,USD
TX-cde4830c6e,ACC-10095,2026-04-20T03:00:14,BA-92370625,1181.55,"Williams, Chen and Robinson",USD
TX-ee7eee5aac,ACC-10095,2026-02-13T08:21:38,BA-99326148,885.48,"Roach, Ortiz and Sampson",USD
TX-4dc4598773,ACC-10095,2026-02-04T01:11:52,BA-60785855,463.7,Jackson-Wilcox,USD
TX-cebaacd3dc,ACC-10095,2026-05-14T16:38:07,BA-49529438,195.39,Abbott-Harrison,USD
TX-362cde99dc,ACC-10096,2026-02-05T08:33:44,BA-90851238,480.73,Escobar-Greer,USD
TX-1714f64df3,ACC-10096,2026-04-29T17:14:33,BA-39648058,961.27,"Miller, Gordon and Glover",USD
TX-a0cfa2dc3d,ACC-10097,2026-05-18T16:01:12,BA-99929175,960.46,Barrera-Nguyen,USD
TX-9d7ccad1e5,ACC-10097,2026-03-07T04:42:21,BA-69945655,22.04,Snyder Ltd,USD
TX-c242182735,ACC-10097,2026-02-10T17:11:58,BA-43492807,1041.3,Cross-Wade,USD
TX-7e358cb15c,ACC-10098,2026-02-01T14:02:03,BA-70570772,115.2,Robinson-Taylor,USD
TX-cbb8b2791f,ACC-10098,2026-01-07T11:42:53,BA-49581964,35.02,Campbell Ltd,USD
TX-39f1b7dfe7,ACC-10098,2026-02-20T16:56:35,BA-24055958,115.93,Rosario-Mclean,USD
TX-2957f3ad9b,ACC-10098,2026-02-03T00:44:51,BA-60393104,245.55,Cook-Walter,USD
TX-c84977c77d,ACC-10098,2026-01-15T13:32:11,BA-83423305,1413.04,"Hawkins, Hendrix and Hayes",USD
TX-d553af4003,ACC-10099,2026-01-31T12:09:24,BA-17188130,156.38,"Adkins, Jones and Dickson",USD
TX-657ef502d3,ACC-10099,2026-02-09T21:56:04,BA-35499255,616.87,Ray-Page,USD
TX-57719e2543,ACC-10099,2026-04-18T14:21:03,BA-82494408,401.57,"Smith, Martinez and Burton",USD
TX-6cd5aa064c,ACC-10099,2026-02-24T15:59:33,BA-49916439,360.13,Anderson Ltd,USD
TX-ff8cfb2abd,ACC-10099,2026-01-10T15:19:04,BA-62734442,859.8,Irwin LLC,USD
TX-9682070c73,ACC-10099,2026-04-06T07:59:05,BA-30614492,86.48,"Dominguez, Robinson and Anders",USD
TX-28b0968100,ACC-10099,2026-01-01T17:46:54,BA-67392300,136.0,"Gonzales, Howard and Arias",USD
TX-1d7f90d5c1,ACC-10099,2026-05-09T13:14:16,BA-93898287,902.32,"Liu, Sanchez and Robbins",USD
TX-8531c3341e,ACC-10100,2026-03-17T06:00:26,BA-34814337,559.68,Osborne-Myers,USD
TX-cdf49c6832,ACC-10100,2026-03-16T01:39:48,BA-59580252,283.94,"Elliott, Adams and Rivera",USD
TX-8398824986,ACC-10100,2026-01-09T15:55:47,BA-45338986,662.41,Morales-Joseph,USD
TX-e7834edb38,ACC-10100,2026-02-21T03:32:12,BA-40365724,1256.43,"Salinas, Adams and Ingram",USD
TX-ae1a860d5d,ACC-10100,2026-04-20T13:34:46,BA-18273096,230.94,"Rogers, Gonzalez and Rasmussen",USD
TX-c8fea0bdbe,ACC-10100,2026-05-16T05:47:23,BA-99586100,149.57,Wood-Kennedy,USD
TX-c23f618c98,ACC-10100,2026-05-10T17:45:48,BA-56142898,1213.23,Long-Velazquez,USD
TX-55ba0a9c4e,ACC-10100,2026-03-22T09:19:03,BA-89151743,345.13,"Frank, Reyes and Roman",USD
TX-c4aae686c5,ACC-10100,2026-01-12T20:12:17,BA-61956500,1228.52,Clark-Ramirez,USD
TX-9de558dbcc,ACC-10100,2026-03-23T06:58:00,BA-81875527,1032.17,Thompson LLC,USD
TX-b1e804af22,ACC-10101,2026-01-16T05:13:25,BA-68437492,306.87,Orozco PLC,USD
TX-d0ea6e6025,ACC-10101,2026-05-02T19:05:09,BA-29847882,1251.99,"Castro, Hayden and Mccarthy",USD
TX-257451953e,ACC-10101,2026-02-20T01:50:15,BA-52916049,1366.65,Wade-Wilkinson,USD
TX-9036ede39a,ACC-10101,2026-01-14T00:17:54,BA-21680625,585.21,Leblanc-Gill,USD
TX-2059c161b6,ACC-10101,2026-03-19T03:48:30,BA-84095459,492.56,"Villarreal, Chan and Mendoza",USD
TX-116ebc544c,ACC-10101,2026-02-23T15:11:20,BA-79751366,689.94,Ramos-Baker,USD
TX-516c0bbea6,ACC-10101,2026-01-03T09:37:10,BA-93625419,883.43,Clark and Sons,USD
TX-485d2a3479,ACC-10101,2026-03-23T11:26:56,BA-25102023,624.59,"Haas, Thomas and Martin",USD
TX-24033eda7b,ACC-10102,2026-03-21T18:53:10,BA-45451818,577.65,Barry-Hall,USD
TX-34d851c943,ACC-10102,2026-04-05T06:59:20,BA-86775659,915.4,"Galloway, Lopez and Kim",USD
TX-b75e963fb7,ACC-10102,2026-01-08T06:36:09,BA-33112256,416.74,Leonard-Johnson,USD
TX-9073255f44,ACC-10102,2026-01-28T22:24:07,BA-92979370,914.94,Dominguez-Maynard,USD
TX-78d7285286,ACC-10102,2026-05-15T16:41:44,BA-63917932,62.98,"Howell, Wong and Fisher",USD
TX-44840a9a15,ACC-10102,2026-03-06T08:52:27,BA-41887353,78.69,Pittman and Sons,USD
TX-f990db69c9,ACC-10102,2026-04-03T06:40:38,BA-46048781,1346.06,"Cohen, Mccullough and Wolfe",USD
TX-1a814c6993,ACC-10103,2026-02-14T06:21:30,BA-28036919,454.22,Edwards-Walker,USD
TX-01d572fa72,ACC-10103,2026-05-25T10:00:12,BA-69473299,1162.18,Johnson Ltd,USD
TX-34c1c434d5,ACC-10103,2026-03-04T07:21:17,BA-46160937,1094.56,Proctor-Cunningham,USD
TX-921be2401d,ACC-10104,2026-03-11T23:28:10,BA-36724061,414.6,Stanley and Sons,USD
TX-eda73d77ca,ACC-10104,2026-04-01T03:24:53,BA-77796914,598.43,Williams-Brooks,USD
TX-cf03d94aa7,ACC-10105,2026-03-08T20:18:59,BA-31946425,1257.29,Wilson Group,USD
TX-077bc36bb3,ACC-10105,2026-02-20T05:26:33,BA-22132198,431.18,"Williams, Terry and Haas",USD
TX-4c16ab247c,ACC-10105,2026-03-17T01:31:35,BA-16664050,248.55,"Perry, Hull and Mendez",USD
TX-51b34bca95,ACC-10105,2026-04-22T02:54:57,BA-38765353,1286.38,"Hendricks, Daugherty and Jones",USD
TX-2bc517d658,ACC-10105,2026-05-06T17:00:32,BA-40214026,1018.15,Roy Group,USD
TX-a38e9ef516,ACC-10105,2026-02-22T06:01:13,BA-97454571,617.21,Steele-Yates,USD
TX-db5a14e17f,ACC-10105,2026-01-04T21:27:02,BA-11194267,713.78,George LLC,USD
TX-d79806e867,ACC-10106,2026-03-15T02:30:09,BA-56802956,691.2,Hall-Sanchez,USD
TX-f31c9b7562,ACC-10106,2026-02-12T08:55:40,BA-72639147,456.71,"Cortez, Moore and Ortiz",USD
TX-58a4ff100f,ACC-10106,2026-04-12T02:20:54,BA-93698993,598.74,"Sharp, Beck and Finley",USD
TX-5a8db5fdfb,ACC-10106,2026-01-20T20:48:32,BA-10986174,769.71,Reynolds Inc,USD
TX-393cba1ac1,ACC-10106,2026-05-09T14:48:00,BA-60228268,844.38,Alvarado-Hanson,USD
TX-79b59dd925,ACC-10106,2026-04-26T07:10:50,BA-91745321,427.6,Lucas PLC,USD
TX-5e3984c911,ACC-10106,2026-05-13T21:35:47,BA-24509544,725.2,Davis-Harris,USD
TX-0f5e09624b,ACC-10106,2026-03-07T07:11:43,BA-47108953,962.69,Walker PLC,USD
TX-0b72f9e719,ACC-10107,2026-02-27T09:37:02,BA-44819604,1360.83,"Woods, Erickson and Duran",USD
TX-99df18f3d1,ACC-10107,2026-03-20T13:34:03,BA-62113377,1106.41,"Smith, Cisneros and Olson",USD
TX-a8110b3461,ACC-10107,2026-04-24T05:05:14,BA-86778235,1224.94,Davis-Williams,USD
TX-ad3acc8f2f,ACC-10107,2026-03-08T15:16:27,BA-39845082,1031.05,"Cummings, Petersen and Jackson",USD
TX-1e1c1d13c3,ACC-10107,2026-05-04T22:45:24,BA-73852097,1360.26,"Nolan, Medina and Garcia",USD
TX-11195070f2,ACC-10107,2026-05-11T11:08:02,BA-58116670,763.44,"Li, Wright and Jones",USD
TX-2086e21e3c,ACC-10107,2026-02-03T00:11:42,BA-98263548,1315.36,Mcdonald Group,USD
TX-b4f8bd2ee1,ACC-10107,2026-02-05T04:09:15,BA-49431028,150.92,Wilson-Hull,USD
TX-be84a78d5d,ACC-10107,2026-01-25T20:15:46,BA-44715663,1089.15,"Rodriguez, Booker and Barnes",USD
TX-d0e7d171d6,ACC-10108,2026-04-13T21:13:35,BA-50044631,622.6,Wilson LLC,USD
TX-3085ab241d,ACC-10108,2026-01-30T06:40:42,BA-28436852,1488.56,"Harper, Brennan and Taylor",USD
TX-5ecdfc0361,ACC-10108,2026-03-08T12:57:26,BA-64920799,1480.85,Tate-Lopez,USD
TX-22c1c3442f,ACC-10108,2026-03-30T20:26:14,BA-29223220,477.99,Martinez Inc,USD
TX-441ccb9d60,ACC-10108,2026-05-19T23:15:24,BA-34207075,1169.52,Young-Frederick,USD
TX-eae1bd1488,ACC-10108,2026-04-05T16:17:29,BA-54644768,948.39,"Keller, Gonzales and Johnson",USD
TX-117a09f02a,ACC-10108,2026-02-04T08:03:38,BA-52065724,953.58,Parker-Lester,USD
TX-9d826b3260,ACC-10108,2026-01-01T21:57:59,BA-70673557,413.92,Weaver-Cohen,USD
TX-86cdda73a9,ACC-10109,2026-03-16T10:23:02,BA-10626681,61.4,Petersen PLC,USD
TX-9f51b05b5b,ACC-10109,2026-02-08T17:20:15,BA-60076822,1425.35,"Baird, Simmons and Johnson",USD
TX-c54d31502c,ACC-10109,2026-03-04T13:37:19,BA-81274148,289.91,Hunter-Preston,USD
TX-0990d3df11,ACC-10109,2026-05-12T09:52:29,BA-10553491,941.9,"Jones, Bauer and Castillo",USD
TX-b320f95786,ACC-10109,2026-02-18T07:35:59,BA-40368869,1041.82,Gonzalez-Mitchell,USD
TX-337302ec60,ACC-10109,2026-03-08T20:47:10,BA-51888314,197.75,"Graham, Stewart and Brown",USD
TX-603ba77b88,ACC-10109,2026-03-16T11:28:29,BA-77556678,885.06,Martinez Ltd,USD
TX-68e43cfd71,ACC-10109,2026-02-02T10:22:13,BA-18762675,1236.65,Ortiz-Decker,USD
TX-408c63a638,ACC-10109,2026-02-27T21:43:23,BA-49034245,686.61,House Ltd,USD
TX-e7acbb543a,ACC-10110,2026-03-14T20:31:24,BA-95942441,387.4,Herman Inc,USD
TX-8cc4dfb719,ACC-10110,2026-04-14T20:02:18,BA-93635734,77.64,Vaughn PLC,USD
TX-f248085b4d,ACC-10111,2026-01-24T23:59:41,BA-83454998,382.84,Henderson PLC,USD
TX-460c61aaac,ACC-10111,2026-05-17T06:56:34,BA-30552371,312.21,Baker LLC,USD
TX-a299266c25,ACC-10111,2026-05-14T03:46:48,BA-94598956,18.91,"Nelson, Wilson and Fischer",USD
TX-42c817680a,ACC-10111,2026-03-23T17:24:11,BA-98807116,155.96,Vargas and Sons,USD
TX-eaaeca8d25,ACC-10111,2026-04-12T00:49:00,BA-46235719,936.08,Johnston PLC,USD
TX-5779a6b188,ACC-10111,2026-05-17T01:37:17,BA-28409776,631.14,Barnes Group,USD
TX-7ba597c3c8,ACC-10111,2026-01-21T08:56:08,BA-78663747,1079.56,Neal-Valencia,USD
TX-65ca2fbd38,ACC-10111,2026-01-23T20:40:58,BA-47944260,175.45,"Dalton, Sims and Holt",USD
TX-43ad472ef1,ACC-10112,2026-02-01T03:23:42,BA-15288944,824.47,Carr Ltd,USD
TX-881b506756,ACC-10112,2026-02-10T07:55:26,BA-74513622,499.25,"Kelly, Murray and Smith",USD
TX-5755c1c02a,ACC-10112,2026-01-01T12:45:36,BA-11711195,1009.09,Jones-Brown,USD
TX-50dd0e2827,ACC-10112,2026-01-22T10:38:43,BA-87061479,1005.19,"Simpson, Vargas and Padilla",USD
TX-08e9712b97,ACC-10112,2026-01-29T23:03:49,BA-22090691,1170.39,Cunningham and Sons,USD
TX-9a91da3286,ACC-10112,2026-01-15T13:45:00,BA-23594977,1357.65,Watson-Norman,USD
TX-c7335b42bc,ACC-10113,2026-01-19T10:43:29,BA-16159129,19.46,Lewis PLC,USD
TX-a6f9b3c836,ACC-10113,2026-01-27T20:57:53,BA-99034004,972.56,Campos-Thomas,USD
TX-39c6a3575d,ACC-10113,2026-03-05T19:40:13,BA-57986515,1342.32,"Sloan, Beck and Smith",USD
TX-ce05530db6,ACC-10114,2026-02-05T04:44:07,BA-92050405,572.73,Alexander-Moran,USD
TX-d63fa6734a,ACC-10114,2026-03-11T15:11:31,BA-92055138,48.08,Brown and Sons,USD
TX-1503d12671,ACC-10114,2026-05-13T21:50:02,BA-27536261,727.2,Ibarra-Le,USD
TX-f3c69a539c,ACC-10114,2026-04-05T18:49:01,BA-25158211,1331.95,Mccarthy PLC,USD
TX-a78f7b0064,ACC-10114,2026-03-27T13:45:15,BA-16170301,99.69,Barker and Sons,USD
TX-c69fbee023,ACC-10114,2026-05-08T04:23:53,BA-52176303,23.48,Delgado PLC,USD
TX-f6a58bffc2,ACC-10114,2026-05-12T15:22:39,BA-80439867,1152.46,Carlson-Wang,USD
TX-70648b9bbf,ACC-10114,2026-04-22T23:22:44,BA-85834657,339.86,Hernandez Group,USD
TX-8e962c64cc,ACC-10114,2026-05-11T01:42:03,BA-55405943,781.05,Johnson LLC,USD
TX-5d56b9962f,ACC-10115,2026-04-17T21:29:43,BA-96344588,571.06,Lambert PLC,USD
TX-7c011ad040,ACC-10115,2026-02-15T15:10:45,BA-20580463,691.35,Schroeder-Payne,USD
TX-c69839a812,ACC-10115,2026-04-22T06:32:10,BA-70142774,136.59,Schmidt Group,USD
TX-13b7cea48c,ACC-10115,2026-04-07T18:58:26,BA-70004467,477.51,Smith Ltd,USD
TX-62b250431c,ACC-10115,2026-04-07T13:55:40,BA-97694240,31.56,Hall-Perez,USD
TX-4f0ae35ee8,ACC-10116,2026-05-20T03:52:07,BA-98203489,548.13,"Pierce, Price and Carter",USD
TX-e6c7658d90,ACC-10116,2026-03-29T20:57:14,BA-25303956,150.67,"Bauer, Hall and Parrish",USD
TX-12aaf78d85,ACC-10116,2026-05-08T22:44:39,BA-39762393,8.28,"Huffman, Hall and Pierce",USD
TX-1b6f2e6571,ACC-10116,2026-03-10T23:04:03,BA-95048563,1446.83,Smith Inc,USD
TX-3c18b7042f,ACC-10116,2026-02-26T16:44:31,BA-83509785,785.37,Gilmore LLC,USD
TX-eba7f2976b,ACC-10116,2026-05-17T08:00:17,BA-24270328,73.44,Fisher-Mack,USD
TX-976bd3a9a5,ACC-10116,2026-02-01T21:01:10,BA-76091781,214.97,Henry PLC,USD
TX-232e7bf0d8,ACC-10116,2026-05-20T04:47:29,BA-64923338,164.91,Foley-Martinez,USD
TX-35415c75c0,ACC-10116,2026-04-29T14:46:32,BA-36296134,285.38,Wright-Rogers,USD
TX-6b433b529a,ACC-10117,2026-04-18T10:13:17,BA-68090825,1259.03,Moses-Smith,USD
TX-8d672725d2,ACC-10117,2026-04-04T18:37:33,BA-78227286,1172.72,"Gates, White and Johnson",USD
TX-81dae1e50d,ACC-10118,2026-03-23T07:07:08,BA-91737749,1374.29,"Simmons, Smith and Medina",USD
TX-48a5a4150d,ACC-10118,2026-05-29T00:55:24,BA-43318046,414.03,Elliott-Yang,USD
TX-6e05d48fb0,ACC-10118,2026-03-08T13:50:16,BA-49483304,682.0,"Hall, Martinez and Church",USD
TX-a6ae2795d1,ACC-10118,2026-01-26T21:33:28,BA-28546206,622.05,Goodwin-Davis,USD
TX-0d984ac253,ACC-10118,2026-05-16T22:18:10,BA-78759020,451.88,"Brown, Deleon and Potter",USD
TX-aef836be94,ACC-10118,2026-05-17T05:12:01,BA-83525272,1291.76,Edwards-Baxter,USD
TX-a6a96f8344,ACC-10118,2026-05-19T05:34:29,BA-84300459,950.71,"Mendez, Bean and Wilson",USD
TX-50840b436e,ACC-10118,2026-02-09T00:12:39,BA-38147161,938.13,Rasmussen Group,USD
TX-b5aa3c2840,ACC-10119,2026-05-11T22:12:08,BA-81659221,432.46,"Lee, Rodgers and Jackson",USD
TX-f532870c8b,ACC-10119,2026-03-24T00:27:47,BA-11714029,786.48,Lyons-Page,USD
TX-65af9becec,ACC-10119,2026-01-05T21:46:36,BA-61119548,222.26,Taylor-Kramer,USD
TX-077f6fefde,ACC-10119,2026-05-11T03:36:39,BA-17597364,303.85,Singh LLC,USD
TX-ca1389383c,ACC-10119,2026-05-26T16:06:56,BA-31600382,1475.38,Olson-Barrett,USD
TX-0296492156,ACC-10119,2026-05-13T16:49:47,BA-43629729,223.91,Cox and Sons,USD
TX-f860197551,ACC-10119,2026-01-13T01:05:38,BA-49613096,309.98,"Golden, Mclaughlin and Miller",USD
TX-7a617f6729,ACC-10119,2026-04-16T02:02:41,BA-14336089,541.23,"Myers, Peters and Thompson",USD
TX-b5ad16a174,ACC-10120,2026-02-09T10:27:18,BA-93290380,1303.93,Huff Group,USD
TX-9c06face12,ACC-10120,2026-03-28T00:49:37,BA-40272606,1367.67,"Gilbert, Lopez and Evans",USD
TX-16f86830dc,ACC-10120,2026-05-17T19:48:34,BA-96923747,554.77,Williams and Sons,USD
TX-3c7d2b2478,ACC-10120,2026-04-25T06:04:27,BA-83365441,1108.98,Castro-Griffin,USD
TX-1259a01dbd,ACC-10120,2026-02-08T03:36:44,BA-35970823,444.8,Ingram-Miller,USD
TX-9b6febf4cd,ACC-10120,2026-02-04T10:51:52,BA-19995059,284.53,Jackson-Adams,USD
TX-657dedffc0,ACC-10121,2026-05-18T19:23:30,BA-30777669,64.71,Stone PLC,USD
TX-74f2520c25,ACC-10121,2026-03-04T15:33:53,BA-90111922,81.03,"Lynch, Johnson and Brown",USD
TX-7657845a6b,ACC-10121,2026-05-02T10:25:11,BA-92625597,1265.49,Alvarez-Dominguez,USD
TX-fcfa292c1d,ACC-10121,2026-02-28T11:28:59,BA-75840632,1185.91,"Cameron, Smith and Holmes",USD
TX-9d9acbd797,ACC-10121,2026-04-17T19:55:56,BA-58061434,113.96,Williams-Gibson,USD
TX-401893e703,ACC-10121,2026-05-18T10:02:06,BA-52662313,790.47,"Cruz, Roberts and Young",USD
TX-af8eeab2d5,ACC-10121,2026-02-05T16:53:31,BA-79874593,106.92,Mullins-Patterson,USD
TX-613d894159,ACC-10121,2026-04-09T02:07:28,BA-31390345,626.82,Lam-Perez,USD
TX-3174d4be78,ACC-10121,2026-04-15T06:46:08,BA-64145722,142.46,Wallace Group,USD
TX-1a2b3c1037,ACC-10122,2026-03-28T12:57:35,BA-42258945,1357.22,"Dalton, Smith and Walters",USD
TX-571dfddced,ACC-10122,2026-04-30T04:03:15,BA-93366885,369.52,"Nelson, Walker and Wilson",USD
TX-aa4d82c5ec,ACC-10122,2026-01-08T17:50:29,BA-53075436,575.15,"Rose, Shields and Blake",USD
TX-d7c30f9b34,ACC-10122,2026-01-23T00:21:40,BA-61791391,388.6,Garcia Ltd,USD
TX-bd97489df7,ACC-10122,2026-05-21T13:58:15,BA-47960665,41.94,Khan-Carpenter,USD
TX-3ebcb6751a,ACC-10122,2026-04-11T08:46:43,BA-60326016,773.89,"Barrett, Valenzuela and Valdez",USD
TX-e3a9e9f450,ACC-10122,2026-04-09T18:52:46,BA-69801634,732.77,Murphy and Sons,USD
TX-60c700e42f,ACC-10123,2026-01-21T04:20:02,BA-37592422,808.94,"Cordova, Russell and Richards",USD
TX-a8b79e5555,ACC-10123,2026-05-17T11:01:08,BA-68416623,971.61,Watson LLC,USD
TX-0aef7fdbb2,ACC-10123,2026-01-15T00:06:21,BA-30636590,40.51,"Velasquez, Faulkner and Wyatt",USD
TX-88b9cffee8,ACC-10123,2026-05-20T04:50:54,BA-54522084,61.64,"Stein, Taylor and Williams",USD
TX-dc78f3dcf2,ACC-10123,2026-01-15T05:21:38,BA-17283737,271.1,Lopez-Warren,USD
TX-9f31539c09,ACC-10123,2026-02-18T21:58:34,BA-84904794,110.31,Martin Group,USD
TX-d3a2112571,ACC-10123,2026-02-14T04:54:19,BA-44715141,614.41,"Harvey, Smith and Butler",USD
TX-6c4a05d3f2,ACC-10123,2026-03-29T14:23:52,BA-94586329,609.65,Levy PLC,USD
TX-f2ce8ba518,ACC-10124,2026-02-24T15:57:58,BA-68743898,575.21,Hill-West,USD
TX-c1ab706698,ACC-10124,2026-05-09T07:11:35,BA-14136476,713.61,"Lynch, Chan and Snyder",USD
TX-120b513183,ACC-10124,2026-04-14T14:08:23,BA-39509878,208.89,Wallace PLC,USD
TX-37b6f387d7,ACC-10125,2026-02-10T18:55:02,BA-56150987,321.55,"Woodard, Miller and Christense",USD
TX-f189e6d31b,ACC-10125,2026-05-06T10:15:32,BA-78793658,217.97,Myers-Jones,USD
TX-d8aabd820c,ACC-10125,2026-02-05T17:28:05,BA-39633659,927.24,"Armstrong, Daniel and Ray",USD
TX-9aa252cdb7,ACC-10125,2026-02-19T01:51:43,BA-36082023,176.36,Walter-Tucker,USD
TX-eb9bf708ab,ACC-10125,2026-05-11T06:59:01,BA-86140729,1279.12,Cuevas-Anderson,USD
TX-69c7754abb,ACC-10125,2026-05-26T20:06:30,BA-83665549,694.59,White-Murphy,USD
TX-f87e2bf69c,ACC-10126,2026-03-03T10:13:09,BA-67486445,257.12,Howell Ltd,USD
TX-be3251e8de,ACC-10126,2026-03-02T19:41:12,BA-43041067,1179.56,Walker PLC,USD
TX-a21e58305a,ACC-10126,2026-05-19T07:05:18,BA-96011893,657.01,Pearson-Williams,USD
TX-c6b7d55958,ACC-10126,2026-03-11T19:19:34,BA-28026223,1020.97,Parks Inc,USD
TX-0ca2c42ea2,ACC-10126,2026-03-06T09:11:43,BA-74418331,696.96,"Davis, Barker and Smith",USD
TX-49d0123412,ACC-10126,2026-03-11T15:51:25,BA-50999730,733.02,Jensen-Perez,USD
TX-77fc62c51a,ACC-10126,2026-01-22T03:11:48,BA-33591471,970.1,Black LLC,USD
TX-a31f520d49,ACC-10127,2026-01-04T14:49:24,BA-78072320,949.28,Carroll-Smith,USD
TX-a53c43f0e0,ACC-10127,2026-04-23T23:48:22,BA-87698748,610.68,Greer-Smith,USD
TX-7b7bcb1fe7,ACC-10127,2026-04-25T13:46:06,BA-38556255,1359.92,Sanchez Group,USD
TX-646d9e9149,ACC-10128,2026-01-31T22:01:48,BA-34044459,851.7,Lynch-Rose,USD
TX-ee93d8ea58,ACC-10128,2026-04-20T20:52:39,BA-98504955,1308.93,Stewart-Williams,USD
TX-85e83c1689,ACC-10128,2026-01-29T09:20:13,BA-74894729,1409.07,Gomez Group,USD
TX-e56b7afab6,ACC-10128,2026-01-08T20:22:12,BA-39369404,1143.4,"Vasquez, Travis and Beltran",USD
TX-fb60d33fea,ACC-10128,2026-02-15T00:01:58,BA-18437082,400.21,Berry Group,USD
TX-6dc25757e6,ACC-10128,2026-02-15T10:36:21,BA-15745651,1004.54,"Fowler, Walker and King",USD
TX-43310bd48b,ACC-10128,2026-04-11T13:31:12,BA-58486337,585.2,Beasley PLC,USD
TX-3f0883b80c,ACC-10128,2026-03-30T06:47:31,BA-16232730,64.66,"Juarez, Williams and Barrett",USD
TX-3928924bd3,ACC-10128,2026-05-06T22:20:39,BA-53496088,159.32,Smith-Love,USD
TX-07c37b3cff,ACC-10129,2026-04-08T10:43:47,BA-28652010,662.65,"Stewart, Fisher and Murphy",USD
TX-cc4d96ad00,ACC-10129,2026-02-14T15:50:04,BA-20346606,774.24,"Mendez, Atkins and Logan",USD
TX-763c5fad33,ACC-10130,2026-05-06T16:26:47,BA-65149958,38.56,"Martin, Underwood and Perez",USD
TX-3476f272c6,ACC-10130,2026-01-09T09:04:01,BA-27164449,862.36,Davis-Bond,USD
TX-3074ae84cb,ACC-10130,2026-02-01T06:54:58,BA-28082355,946.16,"Watson, Pierce and Sims",USD
TX-9e40ab97dd,ACC-10130,2026-01-08T14:38:33,BA-86808685,224.56,Medina-Aguilar,USD
TX-18f8944f33,ACC-10131,2026-01-17T15:37:01,BA-39070676,676.56,Sanchez-Walton,USD
TX-e83f9e1d3d,ACC-10131,2026-04-02T12:56:45,BA-74648438,260.0,Robinson-Bradley,USD
TX-2ef3502c5c,ACC-10131,2026-03-21T18:18:44,BA-90643207,218.35,Moss-Day,USD
TX-d932cb5589,ACC-10131,2026-04-24T03:19:40,BA-34412077,936.7,"Schultz, Kelly and Chang",USD
TX-54b4014807,ACC-10131,2026-04-10T04:31:24,BA-45503367,255.74,"White, Jennings and Bennett",USD
TX-aec4beff2b,ACC-10131,2026-05-14T03:05:11,BA-55992559,1383.92,Cain-Evans,USD
TX-428a3eaa09,ACC-10132,2026-05-31T11:09:28,BA-97138408,650.09,Christensen-Fields,USD
TX-7d3531b11f,ACC-10132,2026-03-23T16:31:46,BA-59711219,1312.86,Weber-Camacho,USD
TX-0bbbb46a12,ACC-10133,2026-01-23T21:07:15,BA-79761254,15.76,"Green, Moore and Brown",USD
TX-b47376701f,ACC-10133,2026-05-08T02:24:21,BA-37570830,1033.21,Gonzalez-Coleman,USD
TX-74f0047ce1,ACC-10133,2026-03-03T08:12:31,BA-64874257,546.59,"Woods, Joyce and Davis",USD
TX-8472cbf3e2,ACC-10133,2026-01-31T01:19:13,BA-67186360,979.11,"Garcia, Mccall and Reyes",USD
TX-99f980ad3e,ACC-10133,2026-02-19T06:00:51,BA-45071480,1283.19,Nguyen Group,USD
TX-3858b97f27,ACC-10133,2026-03-24T05:56:23,BA-85788756,551.64,Wyatt Inc,USD
TX-0756cf5129,ACC-10133,2026-02-23T12:12:18,BA-63345392,1133.68,Wilson-Mcdowell,USD
TX-3d6c76477a,ACC-10133,2026-03-22T05:46:58,BA-84102271,1176.76,"Davis, Maldonado and Howe",USD
TX-ac75a4507b,ACC-10133,2026-04-04T16:27:45,BA-33987338,558.47,Davies LLC,USD
TX-13e946e99e,ACC-10133,2026-04-18T18:04:27,BA-74929189,384.4,Caldwell-Smith,USD
TX-40b325a9d0,ACC-10134,2026-03-07T17:14:04,BA-83897088,922.97,Reed Inc,USD
TX-0df4306761,ACC-10134,2026-05-13T22:18:05,BA-16986408,245.3,Lee-Coffey,USD
TX-d006f27975,ACC-10134,2026-05-04T11:23:59,BA-10710096,1207.53,Pennington-Martin,USD
TX-089652fbd5,ACC-10134,2026-01-29T05:16:46,BA-73306295,1389.16,"Schmidt, Anderson and Petersen",USD
TX-9775a045eb,ACC-10134,2026-03-26T13:00:21,BA-21830043,100.8,Roberts-Bowman,USD
TX-d71de2c824,ACC-10134,2026-02-13T01:31:27,BA-59772648,124.66,"Howard, Burns and Hooper",USD
TX-a9946c618a,ACC-10134,2026-01-08T07:57:09,BA-61583363,1396.37,"Malone, Warren and Johnson",USD
TX-ee638de5b1,ACC-10134,2026-03-19T19:08:25,BA-92405066,985.98,"Smith, Jones and Jacobson",USD
TX-8a315f855e,ACC-10135,2026-04-11T03:51:56,BA-41094351,924.71,"Williamson, Davis and Moore",USD
TX-967bc73e0e,ACC-10135,2026-05-11T21:10:52,BA-14840043,542.81,Phillips-Moore,USD
TX-4936b74bc7,ACC-10135,2026-05-08T04:36:37,BA-10038556,1463.59,Calderon Inc,USD
TX-5341b1f096,ACC-10135,2026-01-17T20:43:00,BA-47035619,1170.61,Miller-Marshall,USD
TX-4471b37e85,ACC-10135,2026-03-10T13:41:39,BA-99880518,595.74,Stein LLC,USD
TX-e0fc47e8c8,ACC-10135,2026-04-24T19:19:53,BA-36885204,779.03,"Allen, Thompson and Sullivan",USD
TX-f48a098fed,ACC-10135,2026-05-24T02:19:18,BA-19209640,1379.17,"Clark, Garrison and Flowers",USD
TX-631c6bf5ce,ACC-10135,2026-04-17T17:17:14,BA-48184109,1090.58,Walker-Martinez,USD
TX-47f558ccb1,ACC-10135,2026-04-19T13:39:34,BA-88239864,525.4,Walton-Maddox,USD
TX-96bfd9daa9,ACC-10135,2026-02-23T16:37:11,BA-40372869,911.51,Combs PLC,USD
TX-7a724eef8e,ACC-10136,2026-04-15T10:48:41,BA-87160950,378.96,Stewart-Reed,USD
TX-1ea42808be,ACC-10136,2026-03-27T23:27:05,BA-60610858,846.94,Burns LLC,USD
TX-1e9e08c434,ACC-10136,2026-05-30T12:18:25,BA-42651583,1137.42,"Myers, Arias and Cruz",USD
TX-07b1c860f3,ACC-10136,2026-05-31T14:33:08,BA-71585593,1023.98,Madden-Green,USD
TX-04b2d39146,ACC-10136,2026-04-24T22:48:35,BA-13670948,725.55,Dixon-Chapman,USD
TX-76c9446b14,ACC-10136,2026-02-20T01:31:37,BA-19066979,577.1,Martin PLC,USD
TX-669d682e82,ACC-10137,2026-01-15T18:19:11,BA-84430642,1397.44,Camacho and Sons,USD
TX-91220dafa3,ACC-10137,2026-04-03T12:54:33,BA-52127291,533.54,Howell-Gallagher,USD
TX-cd8f2c2633,ACC-10137,2026-04-22T09:41:40,BA-46114740,278.26,Odonnell and Sons,USD
TX-3230eb4ccb,ACC-10137,2026-05-25T21:20:24,BA-35523849,751.0,Williams-Delgado,USD
TX-867fc3302f,ACC-10137,2026-02-08T18:30:48,BA-41522559,1104.47,Jones LLC,USD
TX-c546f877ba,ACC-10137,2026-02-21T12:52:43,BA-37753358,347.67,Myers-Alvarez,USD
TX-f7f8b9e0c6,ACC-10137,2026-02-18T11:39:54,BA-93026670,537.26,"Baldwin, Kline and May",USD
TX-8522290456,ACC-10138,2026-04-04T15:38:38,BA-59821155,932.9,"Baker, Davis and Ho",USD
TX-ea917a9299,ACC-10138,2026-04-06T14:28:20,BA-87110685,1303.81,Moore Group,USD
TX-d2e12e41b8,ACC-10139,2026-05-14T19:57:14,BA-11129926,22.67,Davis-Montgomery,USD
TX-69614672f4,ACC-10139,2026-02-10T22:10:38,BA-60925964,873.61,"Berger, Michael and Byrd",USD
TX-c1305d1ada,ACC-10139,2026-03-05T04:38:33,BA-58533442,921.1,"Mccoy, Rodriguez and Diaz",USD
TX-df27ab352d,ACC-10139,2026-02-20T10:17:35,BA-35119175,825.1,"Hamilton, Ingram and Powell",USD
TX-cf1d2feee6,ACC-10139,2026-02-16T01:08:54,BA-46159360,709.66,Russell-Williams,USD
TX-4b1750088d,ACC-10139,2026-04-30T01:10:43,BA-56049627,552.06,"Cummings, Gray and Bond",USD
TX-64aaf35139,ACC-10139,2026-04-07T20:26:12,BA-66900650,319.75,Roberts LLC,USD
TX-6136a45e7d,ACC-10140,2026-02-04T07:02:58,BA-66575546,751.9,Nash-Schmidt,USD
TX-31f095f99d,ACC-10140,2026-05-03T11:03:04,BA-79391501,803.3,Thompson Ltd,USD
TX-828056aa4c,ACC-10141,2026-04-19T19:25:13,BA-84825240,1398.11,Marks LLC,USD
TX-5254ccbd93,ACC-10141,2026-02-20T01:02:17,BA-56189726,34.65,Smith PLC,USD
TX-ab0178ff48,ACC-10141,2026-01-24T13:00:27,BA-57122567,1301.72,Green PLC,USD
TX-ad401bbf56,ACC-10141,2026-04-28T14:11:19,BA-36703705,867.4,"Little, Mills and West",USD
TX-58026ba807,ACC-10141,2026-05-07T04:35:33,BA-97124881,809.97,Bailey-Ford,USD
TX-29e68d3c12,ACC-10141,2026-02-25T06:22:22,BA-57661928,491.01,Sims Ltd,USD
TX-0ae9e4701a,ACC-10141,2026-04-10T02:50:38,BA-75430302,1163.24,Schroeder PLC,USD
TX-b95cc36f85,ACC-10142,2026-02-22T16:06:27,BA-69713250,1172.56,Woods LLC,USD
TX-eb3db28914,ACC-10142,2026-03-12T12:28:14,BA-88775038,783.8,Poole-Edwards,USD
TX-21b279ddb6,ACC-10142,2026-03-29T10:29:50,BA-65564671,255.14,"Robinson, Chavez and Johnson",USD
TX-ba15ad8249,ACC-10142,2026-01-05T11:39:32,BA-26782572,1093.02,Taylor-Lopez,USD
TX-0618ca7864,ACC-10142,2026-05-09T13:14:55,BA-43775489,1410.95,Perry and Sons,USD
TX-c7671c8501,ACC-10142,2026-05-17T01:29:03,BA-20746107,319.8,Ramos Group,USD
TX-be53a9f434,ACC-10142,2026-03-19T02:21:59,BA-23825676,147.85,Cuevas and Sons,USD
TX-845128c48a,ACC-10142,2026-04-02T21:12:20,BA-83609531,85.47,Contreras Group,USD
TX-987f33e6ad,ACC-10143,2026-03-05T03:32:52,BA-73908407,703.45,Strickland-Wilson,USD
TX-b4511a258f,ACC-10143,2026-04-15T23:18:17,BA-46562845,825.08,Howard PLC,USD
TX-d978bf5c94,ACC-10143,2026-01-27T05:40:51,BA-82381952,269.67,"Fleming, Freeman and Ramos",USD
TX-d9ad0643d1,ACC-10143,2026-04-27T00:56:39,BA-71276220,948.42,Reed-Larson,USD
TX-2617c6bc32,ACC-10143,2026-05-04T11:16:51,BA-85696716,655.29,"Pittman, Miller and Boyer",USD
TX-7438f11cf7,ACC-10143,2026-05-05T05:37:16,BA-95836028,803.01,King LLC,USD
TX-4cd4b6f905,ACC-10143,2026-03-09T09:55:17,BA-74646194,811.8,Smith and Sons,USD
TX-a1c816070b,ACC-10144,2026-03-08T18:37:11,BA-48488577,706.45,"Chan, Jenkins and Perry",USD
TX-df167da604,ACC-10144,2026-01-02T14:45:37,BA-76025948,1420.7,Young PLC,USD
TX-cadf186dde,ACC-10144,2026-04-03T15:17:37,BA-50213043,18.65,"Contreras, Miller and Mays",USD
TX-1c89c1ac3c,ACC-10144,2026-03-25T13:58:26,BA-49315407,897.52,Mooney-Rodgers,USD
TX-5ce073eb99,ACC-10145,2026-05-19T19:51:08,BA-96703417,587.64,Jensen LLC,USD
TX-bcf2e11f55,ACC-10145,2026-03-15T11:16:34,BA-39607414,398.16,Price-Wilson,USD
TX-353b581582,ACC-10145,2026-03-23T23:46:41,BA-93929434,363.14,Chavez Group,USD
TX-13f6ed0b6e,ACC-10145,2026-05-29T11:00:24,BA-92304487,1212.32,Young Group,USD
TX-928c0327e3,ACC-10146,2026-02-06T11:09:44,BA-53036072,34.0,Barnes LLC,USD
TX-9925063918,ACC-10146,2026-01-10T15:18:07,BA-81802559,38.09,"Jenkins, Freeman and Castro",USD
TX-7fc1d0b0a9,ACC-10146,2026-01-20T20:37:44,BA-47864772,407.45,Davis and Sons,USD
TX-6981af5acd,ACC-10146,2026-05-19T21:03:16,BA-68843284,1092.03,"Farrell, Page and Wong",USD
TX-55e6cf1e52,ACC-10146,2026-02-15T04:58:32,BA-22106034,230.27,"Brown, Moreno and Gould",USD
TX-60995549a5,ACC-10146,2026-04-06T20:14:50,BA-39150491,516.16,"Williams, Gallagher and Day",USD
TX-6847c107cd,ACC-10146,2026-03-02T12:03:09,BA-76893545,1496.96,Porter Group,USD
TX-e38774553e,ACC-10146,2026-04-01T00:55:34,BA-14259684,498.72,Bailey-Pope,USD
TX-9e112e67c9,ACC-10146,2026-05-26T17:54:27,BA-29607576,88.78,"Jackson, Price and Lang",USD
TX-b04679d2b6,ACC-10147,2026-05-10T07:49:18,BA-37977300,711.87,Hall-Medina,USD
TX-ea111497c5,ACC-10147,2026-05-13T07:45:04,BA-51890609,1404.64,Carroll Inc,USD
TX-afc76bca15,ACC-10147,2026-01-31T19:10:58,BA-94444996,1093.71,Weber PLC,USD
TX-52663ac5f0,ACC-10147,2026-05-25T14:40:05,BA-83763371,783.78,Lynch Inc,USD
TX-6022d8d0ab,ACC-10147,2026-02-19T04:31:22,BA-74589542,959.59,"Mcguire, Logan and Torres",USD
TX-0285bd9d15,ACC-10147,2026-02-08T14:07:09,BA-58375646,1331.84,Valdez-Trevino,USD
TX-c563012fdf,ACC-10147,2026-05-10T11:01:22,BA-39231043,1460.04,Smith-Coleman,USD
TX-8d252cc1cb,ACC-10147,2026-02-15T19:40:49,BA-94947603,654.07,Hunt and Sons,USD
TX-32b7237097,ACC-10147,2026-01-03T22:13:14,BA-32462726,1192.61,Ortiz-Harris,USD
TX-055d5c4d1d,ACC-10147,2026-04-24T12:53:05,BA-26059096,596.73,Craig-Ryan,USD
TX-eb849cdcf1,ACC-10148,2026-05-28T11:48:24,BA-93903841,94.78,"Luna, Henderson and Smith",USD
TX-b5c1140f79,ACC-10148,2026-03-11T00:49:56,BA-96513378,235.11,Cruz Ltd,USD
TX-bb98b7d3fc,ACC-10148,2026-04-15T03:35:15,BA-24413864,193.11,Green-Tanner,USD
TX-6448995a49,ACC-10148,2026-02-15T04:20:32,BA-52512063,1472.61,"White, Mitchell and Clark",USD
TX-d9a5588db4,ACC-10148,2026-05-06T04:16:04,BA-56616197,1209.26,Bishop-Bowman,USD
TX-3590784d47,ACC-10148,2026-03-27T04:34:41,BA-35899364,36.92,Johnston-Murphy,USD
TX-7fea1ff618,ACC-10148,2026-03-15T08:31:51,BA-58072427,1087.98,Nguyen-Blankenship,USD
TX-1151c958cd,ACC-10149,2026-02-01T03:15:16,BA-19244458,799.05,Mercado-Thompson,USD
TX-eac5d90395,ACC-10149,2026-03-29T06:16:55,BA-49684512,1230.03,Zamora-Hughes,USD
TX-e003e287c4,ACC-10149,2026-04-16T04:04:00,BA-59273033,683.85,Wallace-Edwards,USD
TX-1103932207,ACC-10149,2026-05-31T16:02:22,BA-95634408,761.41,Hicks PLC,USD
TX-4bf1564285,ACC-10149,2026-05-23T11:05:34,BA-34901990,1324.98,"Freeman, Simpson and Bowers",USD
TX-988258b74f,ACC-10149,2026-05-01T08:10:21,BA-58865345,1165.14,Austin-Sutton,USD
TX-543613a023,ACC-10149,2026-02-16T08:49:33,BA-53042832,1082.9,"Allen, Mitchell and Shaw",USD
TX-79798aff3b,ACC-10149,2026-05-08T19:51:03,BA-82337519,1229.48,Taylor-Gomez,USD
TX-3b0bf0a505,ACC-10149,2026-02-06T20:51:20,BA-80339453,1026.42,Griffin Group,USD
TX-fd446f2b38,ACC-10149,2026-05-29T16:34:46,BA-84016756,235.43,Humphrey-Booth,USD
TX-25ce85ec62,ACC-10150,2026-04-21T21:06:34,BA-96134450,1255.27,"Anderson, Powell and Spence",USD
TX-8443572364,ACC-10150,2026-05-08T18:08:07,BA-75754558,791.1,"Brooks, Rose and Montgomery",USD
TX-36ca62f7ff,ACC-10151,2026-04-11T20:58:36,BA-23035125,156.33,Curry LLC,USD
TX-12b4a041ad,ACC-10151,2026-02-14T20:37:18,BA-81358338,581.07,Travis-Torres,USD
TX-af38c7430c,ACC-10151,2026-02-07T12:00:06,BA-80624297,987.03,"Harmon, White and Garza",USD
TX-b4af9c9793,ACC-10151,2026-04-21T16:31:17,BA-93929707,1421.52,Russell PLC,USD
TX-383634a030,ACC-10151,2026-04-19T10:26:31,BA-84912498,625.7,"Adams, Hernandez and Butler",USD
TX-59fd1a8c3d,ACC-10152,2026-04-17T19:01:29,BA-63896091,759.52,Hawkins Inc,USD
TX-3172bc8949,ACC-10152,2026-05-08T16:19:14,BA-31230084,803.18,Bishop Inc,USD
TX-4bc03ca2a2,ACC-10152,2026-04-27T11:48:35,BA-69460086,1400.61,Cook-Santana,USD
TX-8d7fba32eb,ACC-10152,2026-03-03T04:43:43,BA-83830667,1487.24,Rivera PLC,USD
TX-dee50a7dac,ACC-10153,2026-01-01T00:54:42,BA-14652375,1474.52,Miller LLC,USD
TX-be4f7ae154,ACC-10153,2026-04-26T16:27:21,BA-12188077,778.83,"Gonzalez, Pace and Morris",USD
TX-297244687a,ACC-10153,2026-02-28T14:41:02,BA-10881653,454.0,Sutton-Fletcher,USD
TX-802599546d,ACC-10153,2026-02-13T02:04:01,BA-38833029,1284.3,"Fuller, Bradshaw and Graves",USD
TX-c2b9d5aafb,ACC-10153,2026-01-05T05:08:08,BA-47038339,1379.07,Hill-Erickson,USD
TX-955fa18540,ACC-10153,2026-04-10T06:41:52,BA-84668420,858.15,Miller-Jennings,USD
TX-3d6c0ee4fc,ACC-10153,2026-04-21T23:54:15,BA-30765467,145.96,"Fields, Arellano and Cruz",USD
TX-7959a9e231,ACC-10153,2026-03-31T09:28:43,BA-57735307,238.38,Patterson LLC,USD
TX-b950a2669f,ACC-10154,2026-04-26T13:58:42,BA-96201956,454.09,Lawson Inc,USD
TX-113be4bfb7,ACC-10154,2026-05-22T21:43:30,BA-87347488,575.41,Webb-Wood,USD
TX-4ce2d09414,ACC-10154,2026-01-11T20:37:07,BA-54881018,525.16,Armstrong Ltd,USD
TX-69e4c0cae0,ACC-10155,2026-01-30T17:57:07,BA-16780654,1012.08,Curry LLC,USD
TX-a3e7a6f861,ACC-10155,2026-03-18T06:57:57,BA-69809598,1130.5,"Cochran, Young and Dunn",USD
TX-3f0a6df956,ACC-10155,2026-04-22T16:52:54,BA-77743626,139.67,"Coleman, Morales and Wright",USD
TX-bb6544037b,ACC-10155,2026-03-25T20:57:58,BA-48894019,1180.62,Gibbs Group,USD
TX-444b007d57,ACC-10155,2026-01-29T17:47:16,BA-27742113,507.57,Richardson Ltd,USD
TX-80710c8aa2,ACC-10156,2026-02-21T16:50:52,BA-67722445,488.5,Hull-Bennett,USD
TX-9596f6f221,ACC-10156,2026-04-22T20:26:22,BA-22025190,173.23,Ingram Ltd,USD
TX-db2d7fb062,ACC-10156,2026-03-22T07:25:55,BA-66846657,551.08,Martinez-Liu,USD
TX-f70f2cdbec,ACC-10157,2026-02-08T18:36:01,BA-60173377,238.21,Carlson-Mcdonald,USD
TX-e64a82dbbb,ACC-10157,2026-05-22T10:59:39,BA-21517819,173.0,"Harris, Cunningham and Bryan",USD
TX-cf99749227,ACC-10157,2026-01-11T14:09:56,BA-42621391,1423.67,Bennett Group,USD
TX-79ebc74faa,ACC-10157,2026-01-29T16:13:30,BA-48612439,25.53,Lawrence-Suarez,USD
TX-a20624fac2,ACC-10157,2026-05-15T17:19:12,BA-24935479,461.15,Jones-Floyd,USD
TX-58e4c1b56c,ACC-10158,2026-05-16T06:02:58,BA-92941828,410.57,Lin LLC,USD
TX-6e72f79487,ACC-10158,2026-04-01T06:52:28,BA-97880113,1418.04,Levine-Hernandez,USD
TX-cba3c70a07,ACC-10158,2026-01-13T22:22:05,BA-62163068,992.26,Morales Inc,USD
TX-5cadd6716e,ACC-10158,2026-05-09T17:43:06,BA-98597172,543.53,Figueroa-Schmidt,USD
TX-34014084f9,ACC-10158,2026-01-21T22:48:37,BA-12560649,442.28,"Padilla, Oliver and Stevens",USD
TX-b0f037512d,ACC-10159,2026-03-06T18:32:49,BA-75757673,593.13,"Rivera, Owens and Rodriguez",USD
TX-6d77c2bbe3,ACC-10159,2026-01-31T11:41:51,BA-12465878,523.44,"Wilson, Stevens and Weiss",USD
TX-f3f65fc0d8,ACC-10159,2026-03-10T08:02:01,BA-57698045,939.72,Collins-Jones,USD
TX-511f51352d,ACC-10159,2026-02-15T20:47:38,BA-77276832,417.44,Choi-Murphy,USD
TX-1f17c8c633,ACC-10159,2026-01-13T00:59:10,BA-93992429,390.23,"Booker, Smith and Smith",USD
TX-5f8ce6fb69,ACC-10159,2026-03-17T04:20:44,BA-13954845,1416.48,Boyd and Sons,USD
TX-83cf974266,ACC-10160,2026-03-02T15:48:33,BA-91251236,497.28,Wright and Sons,USD
TX-d867a3c5bd,ACC-10160,2026-04-16T06:59:32,BA-27686156,314.1,Davis-Johnson,USD
TX-d128a3f30f,ACC-10160,2026-01-27T21:48:48,BA-87984620,814.32,"Davis, Valentine and Nguyen",USD
TX-223f9db193,ACC-10160,2026-02-09T06:50:02,BA-28536762,466.95,Brown-Matthews,USD
TX-31222c9995,ACC-10160,2026-05-17T22:10:25,BA-80303981,1364.8,Walters-Wolfe,USD
TX-e686f0dabc,ACC-10160,2026-03-25T12:14:41,BA-29482024,986.07,Hernandez-Woodard,USD
TX-25b93a4029,ACC-10160,2026-04-20T16:21:54,BA-31212832,479.66,"Leonard, Shah and Long",USD
TX-fb0d624183,ACC-10160,2026-04-19T05:23:38,BA-81532887,1423.16,Miller PLC,USD
TX-8efffa8962,ACC-10161,2026-03-28T00:33:01,BA-95476210,1400.21,Durham PLC,USD
TX-200cc4bc64,ACC-10161,2026-02-23T03:58:57,BA-30395330,1169.77,Mcgee PLC,USD
TX-228eb2b8a4,ACC-10161,2026-01-21T17:35:27,BA-27655789,281.2,Rodriguez Inc,USD
TX-442799e48f,ACC-10161,2026-05-29T01:15:46,BA-92138779,927.34,Hubbard-Butler,USD
TX-879547abc0,ACC-10161,2026-04-28T14:19:17,BA-86107235,920.48,Atkinson Ltd,USD
TX-aa9efb76ef,ACC-10161,2026-04-26T19:14:32,BA-41163012,350.21,Greene Group,USD
TX-0baf1990f9,ACC-10162,2026-02-05T17:23:33,BA-62004039,739.71,Owens and Sons,USD
TX-edf49fb8be,ACC-10162,2026-01-27T16:51:20,BA-31983035,293.92,"Ramsey, Norman and Chung",USD
TX-c742acf227,ACC-10162,2026-01-07T06:12:02,BA-64839908,1147.99,Williams Group,USD
TX-f1a3bd3a70,ACC-10162,2026-01-03T21:58:17,BA-46219821,1425.55,"Ramos, Wilkerson and Wolf",USD
TX-98567dd9a0,ACC-10162,2026-02-13T05:10:40,BA-37223861,1137.88,"Fuller, Hudson and Garcia",USD
TX-014adef7f9,ACC-10162,2026-01-13T20:13:03,BA-33767033,1391.02,Reed-Campbell,USD
TX-16ed034a5c,ACC-10162,2026-03-27T07:13:02,BA-92820305,737.46,"Harris, Murray and Miller",USD
TX-7572d1dd97,ACC-10163,2026-01-22T05:27:03,BA-70614013,688.07,"James, Lee and Miller",USD
TX-c37dcb6dfd,ACC-10163,2026-01-09T05:40:20,BA-42980201,780.46,Wells PLC,USD
TX-e35eae5206,ACC-10163,2026-03-18T19:40:54,BA-15268263,838.76,Calderon-Patrick,USD
TX-bca7d0ec50,ACC-10163,2026-04-11T05:19:28,BA-94644215,1444.08,Turner-Moore,USD
TX-410852e170,ACC-10163,2026-02-06T20:46:00,BA-49081432,662.13,Moore LLC,USD
TX-9a3b3893a6,ACC-10163,2026-03-01T03:19:30,BA-48374806,694.71,"Peters, King and Stephens",USD
TX-a3b025a665,ACC-10163,2026-03-24T00:48:59,BA-49516346,921.64,Lee-Jones,USD
TX-5e5d9f7983,ACC-10163,2026-01-11T14:12:21,BA-79386491,1356.0,Young-Jones,USD
TX-4b6d1501d5,ACC-10163,2026-04-01T00:26:04,BA-96718276,680.29,Williams-Hahn,USD
TX-d5783b9262,ACC-10163,2026-05-21T07:46:41,BA-77197151,174.19,Gentry Inc,USD
TX-2f4598b3a7,ACC-10164,2026-05-22T03:28:39,BA-78674708,920.05,"Martinez, Gilmore and Martinez",USD
TX-c75aa55141,ACC-10164,2026-02-01T01:11:11,BA-60825385,827.77,Morgan Group,USD
TX-ace69de7ca,ACC-10164,2026-01-09T12:37:01,BA-32935793,1368.82,"Cain, Grant and Lopez",USD
TX-90e858b31f,ACC-10164,2026-04-20T19:22:54,BA-98520663,1294.7,Christensen-Long,USD
TX-eb7d0d0335,ACC-10164,2026-02-01T11:33:10,BA-29408873,272.41,Clark-Watkins,USD
TX-9a0c91a407,ACC-10164,2026-05-19T06:22:54,BA-16886777,632.27,"Carlson, Smith and Mcmillan",USD
TX-e347d5438f,ACC-10164,2026-03-02T02:27:35,BA-69895766,436.73,"Rowland, Brewer and Ward",USD
TX-eb5ea3383b,ACC-10164,2026-02-05T02:06:16,BA-25777827,1348.32,Bradford and Sons,USD
TX-ede6663ee5,ACC-10165,2026-03-30T02:34:28,BA-65049584,665.6,Reeves LLC,USD
TX-f4de17490d,ACC-10165,2026-04-27T17:52:20,BA-90544341,14.83,Mckay-Mcdonald,USD
TX-32647cf2f5,ACC-10165,2026-04-17T06:47:48,BA-47327686,931.55,Gutierrez Ltd,USD
TX-21b66e6a2a,ACC-10165,2026-04-19T06:21:54,BA-37868647,78.13,Foster-Johnson,USD
TX-d98f841a48,ACC-10165,2026-01-29T18:55:25,BA-17390556,981.65,Lee PLC,USD
TX-09a23b3ea4,ACC-10165,2026-01-08T03:07:57,BA-29511823,1281.47,Jones-Hogan,USD
TX-ac4547143e,ACC-10165,2026-05-10T12:25:45,BA-87590290,1257.83,Dean LLC,USD
TX-e08637055b,ACC-10165,2026-02-27T22:50:18,BA-54440977,1380.98,"Harvey, Bradley and Burns",USD
TX-20f424b32a,ACC-10165,2026-01-10T12:30:09,BA-24614652,628.35,Griffith PLC,USD
TX-15aa7283a3,ACC-10166,2026-01-07T23:01:36,BA-22499198,1153.93,Moore Ltd,USD
TX-385d05e183,ACC-10166,2026-03-04T16:27:31,BA-59468550,1346.81,"Murphy, Rivera and Cohen",USD
TX-c69965209c,ACC-10166,2026-01-14T03:20:58,BA-67354434,1265.75,Smith LLC,USD
TX-ed27e27d2c,ACC-10166,2026-01-13T14:34:35,BA-49303341,708.87,Johnson Inc,USD
TX-3e2fc0af63,ACC-10166,2026-01-24T16:40:10,BA-46831833,497.17,"Torres, Medina and Scott",USD
TX-f839f0a4cd,ACC-10166,2026-03-22T08:15:05,BA-80416822,318.72,Anderson and Sons,USD
TX-76b19c292f,ACC-10166,2026-02-10T14:14:53,BA-92148463,91.99,Vaughn Inc,USD
TX-e1dbe3e321,ACC-10167,2026-05-18T14:15:18,BA-48988647,1468.99,Crawford LLC,USD
TX-e1f6c2d132,ACC-10167,2026-01-01T07:22:03,BA-25865493,40.86,"Aguilar, Carr and Logan",USD
TX-9507476c3f,ACC-10167,2026-05-02T10:51:29,BA-25827722,1107.52,"Valdez, Phillips and Hill",USD
TX-626dfdc090,ACC-10167,2026-02-10T06:13:54,BA-92585240,1498.49,Sutton-Day,USD
TX-aeff217422,ACC-10167,2026-03-22T09:34:17,BA-16105858,504.02,Kane-Collins,USD
TX-54d5c6f074,ACC-10168,2026-04-03T03:19:56,BA-14772547,970.25,Campbell-Grant,USD
TX-6f0af87768,ACC-10168,2026-04-04T11:55:54,BA-30855594,942.66,Wright-Smith,USD
TX-baea1990f2,ACC-10168,2026-04-15T06:27:00,BA-54977656,696.39,Watson-Nguyen,USD
TX-957b38a84f,ACC-10168,2026-03-22T09:09:39,BA-17519183,1253.48,Carpenter-Williams,USD
TX-947c05b114,ACC-10168,2026-02-28T03:02:34,BA-85825317,1088.82,Lewis-Cook,USD
TX-7d1a9e2a0e,ACC-10168,2026-03-03T06:20:59,BA-84514623,806.15,Porter Group,USD
TX-0d823430c8,ACC-10168,2026-02-10T10:34:24,BA-87496999,1029.81,"Obrien, Chambers and Livingsto",USD
TX-cee2192572,ACC-10168,2026-03-10T15:52:28,BA-18886963,1454.57,Hall and Sons,USD
TX-164f2a3c9a,ACC-10168,2026-02-24T11:02:18,BA-14183991,512.03,Ortiz-Andersen,USD
TX-a5828c7f0f,ACC-10169,2026-02-11T23:17:05,BA-80477785,456.97,Beard LLC,USD
TX-9b79440aeb,ACC-10169,2026-01-22T19:02:08,BA-60226379,1178.49,Hawkins LLC,USD
TX-3693a8fb5d,ACC-10169,2026-02-09T05:50:48,BA-22429114,668.44,Bird Ltd,USD
TX-0d80f5ad48,ACC-10169,2026-01-05T20:12:16,BA-74781956,1357.91,"Nelson, Roberson and Conner",USD
TX-903a1c886f,ACC-10169,2026-01-30T22:03:16,BA-35529779,513.47,Ray Inc,USD
TX-adb30227f5,ACC-10169,2026-04-04T21:08:33,BA-80280155,468.99,"Hawkins, Green and Smith",USD
TX-449204aa44,ACC-10170,2026-03-06T17:14:34,BA-72663022,1334.33,Stewart Group,USD
TX-a875f44243,ACC-10170,2026-01-21T00:29:38,BA-79870757,1150.44,"Garza, Davis and Wilson",USD
TX-334706e58e,ACC-10170,2026-05-25T18:32:12,BA-51940463,38.61,"Estes, Bartlett and Holmes",USD
TX-79e67fca09,ACC-10171,2026-04-10T19:41:46,BA-23740579,313.83,"Johnson, Hernandez and Ramirez",USD
TX-1b610c9cee,ACC-10171,2026-03-10T00:36:03,BA-83734610,481.13,"Mitchell, Phillips and Munoz",USD
TX-2bfa234064,ACC-10171,2026-01-28T11:42:09,BA-48019546,863.25,Higgins-Caldwell,USD
TX-97b1026f85,ACC-10171,2026-02-03T06:11:57,BA-19562056,470.51,Wilson-Eaton,USD
TX-89ac42d2f5,ACC-10171,2026-03-07T18:38:15,BA-82555030,668.25,Ortiz-Pratt,USD
TX-65f6e3b38c,ACC-10171,2026-01-26T06:11:19,BA-13891332,708.75,Thornton Ltd,USD
TX-c2826bebe4,ACC-10171,2026-05-12T04:02:21,BA-16772091,163.36,Parrish Inc,USD
TX-e0437e8fff,ACC-10171,2026-01-11T10:43:32,BA-21558774,642.57,Johnson-Barnes,USD
TX-c8c7b57342,ACC-10171,2026-02-04T18:07:16,BA-90010054,1337.46,"King, Johnson and Stewart",USD
TX-2af5b829c3,ACC-10171,2026-05-03T05:32:45,BA-69839130,926.39,Garcia Inc,USD
TX-3add8cd5e5,ACC-10172,2026-04-02T08:54:09,BA-41097470,1421.44,"Reeves, Johnson and Scott",USD
TX-66f8a92f12,ACC-10172,2026-01-28T21:47:29,BA-92804565,390.79,Morgan LLC,USD
TX-8e5931b021,ACC-10172,2026-03-12T13:47:48,BA-62623673,279.11,"Silva, Robinson and David",USD
TX-7a544b1cc1,ACC-10172,2026-05-10T03:57:58,BA-54335867,1184.22,Walker-Fields,USD
TX-f6abdd2914,ACC-10172,2026-03-05T01:29:46,BA-70838623,733.82,Jackson LLC,USD
TX-0ce6ef3cc5,ACC-10172,2026-01-13T16:37:26,BA-73798298,173.77,Livingston-Johnson,USD
TX-cd8ed87356,ACC-10172,2026-04-03T22:40:49,BA-71906810,1269.42,"Martin, Scott and Hines",USD
TX-1a36b4348f,ACC-10172,2026-02-24T19:24:52,BA-56790372,908.64,Rivera LLC,USD
TX-a8d26249bf,ACC-10172,2026-01-25T17:41:56,BA-78175850,158.88,Odonnell-Boyd,USD
TX-2d33f75899,ACC-10173,2026-04-17T09:37:39,BA-31343341,1460.97,"Smith, Wilson and Cardenas",USD
TX-b9ba8851f5,ACC-10173,2026-03-16T12:42:51,BA-18866414,514.37,Bryant and Sons,USD
TX-79f7e9ba8f,ACC-10173,2026-05-15T18:33:12,BA-89318677,649.57,Powell-Smith,USD
TX-0cf2d361c4,ACC-10173,2026-03-26T12:53:43,BA-86129797,1182.05,"Rios, Henry and Dixon",USD
TX-609df21e9e,ACC-10173,2026-04-16T17:40:45,BA-41696096,263.76,Jones-Flores,USD
TX-e567992bbb,ACC-10174,2026-03-28T10:51:28,BA-33645674,465.51,"Soto, Lopez and Evans",USD
TX-465259f0bd,ACC-10174,2026-03-20T19:08:08,BA-19342578,899.4,Henry-Page,USD
TX-9faa3012fb,ACC-10174,2026-05-14T02:42:07,BA-90048179,1158.16,Hernandez-Lara,USD
TX-e8cadb8ccc,ACC-10175,2026-05-13T08:05:54,BA-52493026,453.1,Bowen and Sons,USD
TX-d145d60d7c,ACC-10175,2026-05-12T22:58:26,BA-50876026,1378.16,Hines and Sons,USD
TX-229a912c0e,ACC-10175,2026-03-26T09:58:29,BA-56206415,1485.48,Cisneros-Baker,USD
TX-fd4c9b2ec4,ACC-10175,2026-04-24T03:42:16,BA-11089747,919.18,Jordan-Rubio,USD
TX-9a36259d48,ACC-10175,2026-04-10T02:44:51,BA-64250458,1272.22,Scott PLC,USD
TX-dd8236647b,ACC-10176,2026-05-19T05:06:20,BA-61377152,612.02,"Jackson, Goodman and Johnson",USD
TX-f4809e128a,ACC-10176,2026-03-26T12:07:57,BA-83164605,320.77,Peterson-Fletcher,USD
TX-f60fd51347,ACC-10176,2026-02-03T16:08:58,BA-73736162,212.91,Gray-Bell,USD
TX-c8c82c42d3,ACC-10176,2026-04-18T20:27:07,BA-61619474,1265.77,Thompson-Sanders,USD
TX-a7ee1f3043,ACC-10176,2026-03-11T23:03:47,BA-66000400,235.63,James LLC,USD
TX-13074ae944,ACC-10176,2026-05-11T02:44:03,BA-26850922,205.74,Porter Inc,USD
TX-4b8269b142,ACC-10176,2026-01-14T22:21:38,BA-97025331,28.48,Roman-Gonzalez,USD
TX-4291534be4,ACC-10177,2026-04-23T05:23:19,BA-76861495,1270.97,Mack Inc,USD
TX-79a18476a4,ACC-10177,2026-02-15T23:20:05,BA-77340900,407.53,Lopez Ltd,USD
TX-7c6bebbafd,ACC-10178,2026-05-13T20:00:57,BA-95052118,811.1,Lee and Sons,USD
TX-323fe67349,ACC-10178,2026-04-23T13:15:51,BA-51943002,921.49,"Martinez, Sims and Eaton",USD
TX-0a6dfea667,ACC-10178,2026-03-08T17:02:28,BA-81810948,1168.9,"Clark, Campbell and Ross",USD
TX-252103f0b8,ACC-10179,2026-05-24T04:26:24,BA-93794410,45.81,Tran Group,USD
TX-b2d0164235,ACC-10179,2026-04-05T03:08:46,BA-21074327,194.6,"Lindsey, Turner and Cole",USD
TX-687dedd364,ACC-10179,2026-01-15T22:12:14,BA-47292234,381.82,Watkins PLC,USD
TX-53c5667570,ACC-10179,2026-04-30T13:49:32,BA-47711414,416.45,"Young, Wallace and Sanchez",USD
TX-07ad5dc61b,ACC-10179,2026-02-19T21:30:01,BA-11906295,1113.44,Kelly-Obrien,USD
TX-9e8170e715,ACC-10179,2026-04-28T06:00:44,BA-33436273,1365.65,Romero-Montgomery,USD
TX-a837fba356,ACC-10180,2026-01-29T04:04:34,BA-89932574,1401.24,"Hart, Fowler and Williams",USD
TX-12f40f2376,ACC-10180,2026-01-30T22:23:32,BA-76565050,1130.38,Martinez-Boyd,USD
TX-2c12267a98,ACC-10180,2026-03-22T04:28:35,BA-61427803,360.73,Lewis LLC,USD
TX-b66877e07c,ACC-10181,2026-01-29T04:26:50,BA-81194737,1306.07,"Bennett, Stone and Aguilar",USD
TX-6a34dc54a1,ACC-10181,2026-01-03T07:17:08,BA-48761035,1391.2,Taylor Ltd,USD
TX-51dc0d1f94,ACC-10181,2026-03-29T03:39:20,BA-61271721,1019.35,Anderson-Roman,USD
TX-5a78fa01bb,ACC-10181,2026-04-13T23:09:36,BA-15505291,150.56,Miller-Blake,USD
TX-bd4ef3112f,ACC-10181,2026-04-14T04:00:23,BA-95553621,533.97,Taylor-Ball,USD
TX-82d1097f96,ACC-10181,2026-03-25T20:16:04,BA-91937985,1377.47,Graham-Tate,USD
TX-49b574ea9d,ACC-10182,2026-03-02T19:56:35,BA-83499313,20.81,Dean-Knight,USD
TX-8fed20b3e6,ACC-10182,2026-01-02T15:30:06,BA-19120357,22.88,"Santana, Holmes and Shaw",USD
TX-9ffafa0234,ACC-10182,2026-01-19T23:18:33,BA-80499776,160.34,"Smith, Williams and Becker",USD
TX-8364a2189a,ACC-10182,2026-03-28T14:14:28,BA-57179735,333.03,Hernandez-Collins,USD
TX-08c63f42fe,ACC-10183,2026-03-15T00:05:35,BA-98099795,1146.97,Sims-Gross,USD
TX-bd0f9e8820,ACC-10183,2026-05-06T19:27:36,BA-85976468,1205.78,"Hunter, Massey and Alvarez",USD
TX-b6722c18d7,ACC-10183,2026-02-05T21:05:02,BA-24877375,1045.0,Brown-Page,USD
TX-6bc0acc9c8,ACC-10183,2026-02-19T04:37:48,BA-49536330,703.1,Wilson PLC,USD
TX-579b339417,ACC-10184,2026-02-01T10:48:59,BA-19931717,419.54,Meyer-Acosta,USD
TX-74ff698eb3,ACC-10184,2026-01-13T02:44:46,BA-61378412,585.94,"Johns, Hart and Rodriguez",USD
TX-05d2b2761c,ACC-10184,2026-01-12T15:53:36,BA-44660198,1433.63,"Barrett, Jarvis and Yates",USD
TX-1f9707dcbb,ACC-10184,2026-02-21T09:25:39,BA-33881291,663.66,Garcia-Rasmussen,USD
TX-ff4e3587f9,ACC-10184,2026-04-06T11:35:22,BA-36933352,917.4,Wilson Group,USD
TX-6b231f6c4b,ACC-10184,2026-02-04T15:36:02,BA-96635285,740.63,"Young, Grant and Davis",USD
TX-fc7099d66a,ACC-10185,2026-05-31T22:11:15,BA-69845276,33.05,Shields PLC,USD
TX-429946c394,ACC-10185,2026-04-07T15:27:23,BA-29978882,981.03,Davis-Peck,USD
TX-b83a0e4ffd,ACC-10185,2026-01-01T04:02:36,BA-15078212,998.59,Petersen-Padilla,USD
TX-5ceee867cb,ACC-10185,2026-02-21T17:41:02,BA-30348410,1051.58,Collins Ltd,USD
TX-0e3ce5ee8b,ACC-10185,2026-03-17T23:43:54,BA-87126909,10.54,"Morrison, Sosa and Cooper",USD
TX-5282722b1a,ACC-10185,2026-05-18T09:40:52,BA-75857881,719.82,Walker-Stanley,USD
TX-0da5b02c30,ACC-10186,2026-03-12T22:40:45,BA-81756326,1280.75,"Smith, Hall and Robinson",USD
TX-3c9c3b7bc1,ACC-10186,2026-03-08T00:48:26,BA-20798726,1262.57,"Ferguson, Buckley and Carpente",USD
TX-c801acbbea,ACC-10186,2026-05-28T15:58:05,BA-48917593,973.45,Griffith Inc,USD
TX-a751bac4b8,ACC-10187,2026-05-23T18:51:32,BA-35429494,214.21,"Jones, Williams and Lang",USD
TX-b86a7707ac,ACC-10187,2026-02-07T11:52:38,BA-13404379,1081.01,Kirk-Cox,USD
TX-ddfed42cc9,ACC-10187,2026-04-26T03:19:33,BA-42008932,736.4,Cardenas LLC,USD
TX-8ac878ad8d,ACC-10187,2026-01-13T05:34:00,BA-82551667,966.89,Crawford Group,USD
TX-374b1f49e5,ACC-10187,2026-04-08T00:41:48,BA-81664219,1447.61,"Harris, Medina and Brewer",USD
TX-1787537e66,ACC-10187,2026-03-29T05:55:25,BA-12203625,60.38,Schmidt-Adams,USD
TX-4b191ff09a,ACC-10187,2026-01-11T21:13:57,BA-55327823,1182.73,Trujillo and Sons,USD
TX-1d6853f6d7,ACC-10187,2026-01-09T07:31:48,BA-64426343,181.69,Holmes-Mack,USD
TX-1378708f88,ACC-10187,2026-05-07T23:09:41,BA-99565693,787.06,Lewis-Spears,USD
TX-6375fb7325,ACC-10188,2026-01-21T15:32:21,BA-25324937,748.23,Suarez-Wilson,USD
TX-4ae7a6aae7,ACC-10188,2026-04-30T13:02:12,BA-39604743,99.35,Robertson and Sons,USD
TX-cc30d19e3f,ACC-10188,2026-02-09T08:22:34,BA-67205134,509.33,Doyle-Burnett,USD
TX-14908612af,ACC-10189,2026-04-24T00:15:01,BA-15462513,204.39,Tyler-Arnold,USD
TX-8223d3ed76,ACC-10189,2026-05-03T18:14:25,BA-92200507,567.32,"Miller, Rodriguez and Randall",USD
TX-b112786143,ACC-10189,2026-01-31T15:11:07,BA-12097866,1320.04,Williams Group,USD
TX-9df023cf59,ACC-10189,2026-01-16T16:11:40,BA-10852226,15.8,Williams-Carr,USD
TX-b7fe4e5371,ACC-10189,2026-01-18T07:25:41,BA-97477181,892.63,Parks Ltd,USD
TX-6acd217086,ACC-10190,2026-04-29T20:21:31,BA-21814004,942.65,"Moran, Chan and Anderson",USD
TX-866ddb41e0,ACC-10190,2026-02-28T11:41:33,BA-56688115,631.08,Kelley Inc,USD
TX-9034854abf,ACC-10190,2026-04-19T07:07:07,BA-41626932,291.89,Williams-Holden,USD
TX-2402a351c5,ACC-10190,2026-04-13T22:54:23,BA-22842469,930.29,"Gilbert, Jones and Colon",USD
TX-3cfee37655,ACC-10190,2026-05-28T19:06:52,BA-82440371,763.77,Johnson and Sons,USD
TX-af4f86a22b,ACC-10190,2026-04-01T03:24:12,BA-94082607,990.69,Morrison PLC,USD
TX-af09ed8875,ACC-10190,2026-02-23T16:14:28,BA-17122803,294.61,Bailey-Mccullough,USD
TX-27a3f422c1,ACC-10190,2026-01-29T23:24:12,BA-73674613,748.78,"Osborne, Hull and Carpenter",USD
TX-fa6e0a23bf,ACC-10190,2026-02-01T00:32:01,BA-99945021,1384.4,Cox-George,USD
TX-a9df35408a,ACC-10191,2026-01-09T09:52:26,BA-24015162,1111.92,"Smith, Ford and Jones",USD
TX-4bdc4a93dd,ACC-10191,2026-04-15T08:16:55,BA-33607235,241.28,Mata Inc,USD
TX-df7d50c58b,ACC-10191,2026-01-06T15:27:13,BA-75103838,774.78,"Mills, Atkinson and Chavez",USD
TX-90893a6627,ACC-10191,2026-01-14T18:13:45,BA-41581408,1083.5,"George, Patrick and Bonilla",USD
TX-80161f8547,ACC-10191,2026-04-26T02:12:47,BA-87814308,492.33,Lloyd-Lopez,USD
TX-08f1c05585,ACC-10191,2026-02-08T14:14:55,BA-53712695,348.94,Wolf and Sons,USD
TX-dd105488bb,ACC-10191,2026-01-22T09:15:22,BA-53772726,345.53,Soto LLC,USD
TX-27ba7e9fbd,ACC-10191,2026-02-16T01:03:05,BA-65377624,1305.48,Moreno-Gross,USD
TX-4bc91e67cc,ACC-10191,2026-03-14T22:06:27,BA-39616854,114.93,"Flores, Miller and Harrell",USD
TX-8c19377e65,ACC-10192,2026-02-27T07:33:08,BA-91018650,239.4,"Anderson, Benjamin and Garcia",USD
TX-6cfa833879,ACC-10192,2026-05-04T21:17:30,BA-92077910,1358.84,Simmons-Douglas,USD
TX-79702e368e,ACC-10192,2026-04-23T06:14:28,BA-84189605,1283.23,"Greene, Morales and Hamilton",USD
TX-ecb541a3e3,ACC-10192,2026-01-17T18:59:58,BA-65256920,1286.18,Cole-Reid,USD
TX-ef815afa80,ACC-10192,2026-04-05T23:53:58,BA-39050434,889.41,"Cox, Dominguez and Hart",USD
TX-0f2beeb12c,ACC-10193,2026-04-04T01:33:25,BA-23153230,681.4,Thomas-Tucker,USD
TX-e4e6dee942,ACC-10193,2026-02-16T16:51:53,BA-21152355,839.94,"Watkins, Green and Lee",USD
TX-88bd86f617,ACC-10193,2026-01-03T09:53:43,BA-64575354,1425.15,Skinner-Hernandez,USD
TX-94cc238070,ACC-10193,2026-01-26T18:28:57,BA-58104396,447.21,Rodriguez PLC,USD
TX-ba789bbc07,ACC-10193,2026-05-06T18:13:19,BA-22177508,28.82,Wagner Ltd,USD
TX-4654687976,ACC-10193,2026-05-10T21:55:54,BA-50914476,246.9,"Perry, English and Dean",USD
TX-2b98438e85,ACC-10193,2026-03-31T04:24:47,BA-86555214,1122.19,Lewis and Sons,USD
TX-cb2ed79820,ACC-10193,2026-01-05T17:46:30,BA-71047698,698.32,"Willis, Wood and Maddox",USD
TX-f20cc49234,ACC-10194,2026-02-27T14:12:34,BA-67163632,1130.57,"Brooks, Wells and Jackson",USD
TX-9052b2fa48,ACC-10194,2026-05-16T13:10:19,BA-92208524,815.94,Padilla and Sons,USD
TX-e15d743051,ACC-10195,2026-03-12T23:41:06,BA-59181804,267.02,Campbell Group,USD
TX-a9f4762972,ACC-10195,2026-04-19T12:09:08,BA-18993381,843.33,Cooper and Sons,USD
TX-eab8c115d8,ACC-10196,2026-03-10T11:45:19,BA-45884163,757.83,Madden Group,USD
TX-e8c9182d85,ACC-10196,2026-03-24T02:59:33,BA-47197817,86.42,Morales LLC,USD
TX-88d46e9548,ACC-10196,2026-03-14T09:26:17,BA-56335527,681.35,"Jacobs, Bender and Rogers",USD
TX-bff6955b89,ACC-10196,2026-04-08T08:55:36,BA-80690141,1245.19,King Group,USD
TX-13365f2e9a,ACC-10196,2026-04-02T07:07:20,BA-81391010,1019.07,Crawford and Sons,USD
TX-2ef768afdb,ACC-10196,2026-04-14T11:17:11,BA-49227057,680.71,Young and Sons,USD
TX-ff1d3aa008,ACC-10196,2026-03-13T11:41:02,BA-18808386,286.59,Cline-Tucker,USD
TX-52347f17a5,ACC-10197,2026-05-24T05:58:27,BA-96528081,37.12,"Collins, Wolf and Jones",USD
TX-eed007a205,ACC-10197,2026-02-06T17:05:11,BA-18448940,37.94,Casey LLC,USD
TX-7036d4a81e,ACC-10197,2026-02-15T02:43:38,BA-79742280,968.78,Garcia-Wallace,USD
TX-b6073d0f95,ACC-10197,2026-03-21T22:37:21,BA-87672417,517.47,"Vasquez, Schwartz and Stafford",USD
TX-180b57b2f6,ACC-10197,2026-05-06T10:49:00,BA-53796105,731.79,Davis-Barron,USD
TX-8a410b74f6,ACC-10197,2026-05-10T07:06:38,BA-81157706,1263.65,"Duke, Arnold and Ortiz",USD
TX-6342159230,ACC-10197,2026-03-28T11:02:41,BA-71472671,459.6,Boyd LLC,USD
TX-6d080ccdad,ACC-10197,2026-01-26T14:57:04,BA-51137063,261.75,Hernandez-Hamilton,USD
TX-57f6d5b111,ACC-10197,2026-02-20T11:43:21,BA-40438156,728.94,Turner-Valentine,USD
TX-d006646f72,ACC-10198,2026-02-01T07:30:05,BA-41931112,179.79,Thompson Ltd,USD
TX-73e570e933,ACC-10198,2026-03-03T11:35:00,BA-87111463,194.08,Baker-Lucas,USD
TX-2347349638,ACC-10198,2026-02-20T13:35:07,BA-59616555,280.82,Mueller-Kim,USD
TX-9bc23d3572,ACC-10198,2026-04-20T05:22:49,BA-14655890,1000.0,Goodman LLC,USD
TX-fe5b2fdfbf,ACC-10199,2026-03-06T07:52:46,BA-96871612,1059.65,Rogers-Lindsey,USD
TX-f398cdc7ba,ACC-10199,2026-04-03T00:35:01,BA-48899945,1454.56,"Hale, Huang and Dawson",USD
TX-4882b5e5dd,ACC-10199,2026-05-27T10:38:52,BA-87004412,1002.0,Cameron-Quinn,USD
TX-e5f8e6dec5,ACC-10199,2026-04-20T18:10:11,BA-69338400,511.33,Thompson Ltd,USD
TX-386376e714,ACC-10199,2026-01-22T19:25:43,BA-74287772,1350.76,Swanson Group,USD
TX-e66355fb1b,ACC-10199,2026-01-28T01:45:34,BA-83948598,179.73,"Sawyer, Becker and Roy",USD
TX-4e371d1ae1,ACC-10199,2026-01-05T19:33:21,BA-63905855,928.2,Gonzales Inc,USD
TX-d7951fef42,ACC-10199,2026-02-12T18:58:27,BA-69857441,539.3,"Perez, Horn and Huynh",USD
TX-30adbaaaae,ACC-10199,2026-03-05T08:58:40,BA-17386489,914.19,Barrera-Martin,USD
TX-8ea8b1a82b,ACC-10199,2026-02-07T21:27:49,BA-88306842,792.02,"Hanna, Long and Wade",USD
TX-e009ea53bf,ACC-10200,2026-03-19T04:45:16,BA-29856967,1075.37,"Brown, Hernandez and Johnson",USD
TX-2c03b4becf,ACC-10200,2026-03-25T00:56:56,BA-59610894,582.24,"Fuller, Miller and Moore",USD
TX-281a5c0263,ACC-10200,2026-01-03T08:48:47,BA-48205125,520.66,Boyd LLC,USD
TX-d91a7a3754,ACC-10200,2026-03-01T19:46:54,BA-69804203,1312.08,White-Carlson,USD
TX-77e1bb40a3,ACC-10200,2026-01-18T00:14:21,BA-38950113,1093.14,"Lyons, Hudson and Barton",USD
TX-0659b1a05f,ACC-10200,2026-03-28T06:13:00,BA-65782199,1206.51,Young Inc,USD
TX-71cbb23452,ACC-10200,2026-02-26T01:07:55,BA-31983567,1209.48,Cochran-Meadows,USD
TX-82fe3080bf,ACC-10201,2026-02-03T23:03:37,BA-84600071,695.87,"Deleon, Ellis and Hunter",USD
TX-caa634b4f4,ACC-10201,2026-04-21T06:40:54,BA-28378036,302.89,"Bailey, Matthews and Richardso",USD
TX-2024fbf209,ACC-10201,2026-03-16T03:10:29,BA-48851088,833.03,Thornton and Sons,USD
TX-6aa4421d60,ACC-10201,2026-01-09T04:49:10,BA-50532800,1252.7,Rowe-James,USD
TX-51d4d6dff6,ACC-10201,2026-03-01T00:20:37,BA-76317044,841.13,Carpenter Ltd,USD
TX-dd2fec309e,ACC-10201,2026-03-31T23:50:31,BA-40134594,45.13,Hutchinson LLC,USD
TX-18dc3113d4,ACC-10201,2026-01-01T11:24:08,BA-30672747,397.7,Shepherd-Lewis,USD
TX-b65141c394,ACC-10201,2026-05-05T09:12:13,BA-95437748,711.45,"Obrien, Wolfe and Harris",USD
TX-171997b12b,ACC-10202,2026-05-02T22:40:25,BA-73893102,1461.52,Morales-King,USD
TX-e1e179d333,ACC-10202,2026-01-24T05:18:01,BA-60090353,771.23,Williams-Gomez,USD
TX-a32f27af40,ACC-10202,2026-04-22T16:55:23,BA-12354860,1268.69,Porter Ltd,USD
TX-f31d4ff21e,ACC-10202,2026-02-01T14:55:23,BA-88068345,92.47,Horn-Taylor,USD
TX-f9b7ed0b1a,ACC-10202,2026-03-04T01:49:19,BA-71880273,1318.08,Collins-Gilmore,USD
TX-22e3e4ec18,ACC-10202,2026-01-27T07:27:49,BA-57967465,249.15,Jones LLC,USD
TX-301e7ac29b,ACC-10203,2026-03-03T09:38:50,BA-50409241,410.83,Ochoa-Sharp,USD
TX-135757284e,ACC-10203,2026-05-16T12:45:51,BA-58656970,148.27,Barker-Hernandez,USD
TX-afd887aad2,ACC-10203,2026-04-23T15:12:47,BA-57194894,1235.86,Myers Group,USD
TX-2042f2d506,ACC-10203,2026-01-03T12:06:26,BA-28381043,779.67,Robinson-Conner,USD
TX-2da9dc3375,ACC-10203,2026-03-14T10:22:19,BA-75082045,620.93,"Lewis, Gregory and Johnson",USD
TX-9ef5ba1961,ACC-10203,2026-02-01T15:46:15,BA-23746292,330.72,Roberts Ltd,USD
TX-db7692ea2d,ACC-10203,2026-04-08T17:56:03,BA-39677351,1248.2,Reyes LLC,USD
TX-e747cedcad,ACC-10204,2026-02-03T10:32:36,BA-50894029,48.0,Gentry-Ortiz,USD
TX-0f6135c79d,ACC-10204,2026-01-24T00:42:05,BA-39844365,197.43,Smith-Floyd,USD
TX-26599e07ad,ACC-10204,2026-05-15T19:24:45,BA-29107146,1033.63,"Dorsey, Hull and Perez",USD
TX-106653eccc,ACC-10204,2026-03-01T16:43:11,BA-26823411,318.71,West LLC,USD
TX-7c9542ae8b,ACC-10204,2026-01-16T06:19:32,BA-67016371,1037.77,White Group,USD
TX-722d567f3a,ACC-10204,2026-01-22T16:39:47,BA-20433455,33.12,"Nelson, Scott and Taylor",USD
TX-7ad89bbdc6,ACC-10204,2026-04-05T00:47:28,BA-67881056,68.56,Elliott and Sons,USD
TX-28a18804be,ACC-10205,2026-05-10T15:10:41,BA-11378737,1133.05,Martin-Woods,USD
TX-a0e50a59a4,ACC-10205,2026-01-25T00:55:11,BA-90771151,312.07,Bennett PLC,USD
TX-31dcd17546,ACC-10205,2026-02-08T20:10:53,BA-34800996,1007.55,Clark and Sons,USD
TX-8861c60bd9,ACC-10205,2026-01-06T16:21:26,BA-22184193,222.61,West-Briggs,USD
TX-5325edf370,ACC-10205,2026-05-25T21:32:05,BA-47228730,1423.44,Sanchez-Dougherty,USD
TX-b3ee5ffb8f,ACC-10205,2026-03-09T13:02:08,BA-57271923,245.03,"Carey, Gutierrez and Fernandez",USD
TX-a4ca73d583,ACC-10206,2026-05-11T18:51:26,BA-24404851,275.37,Zamora Group,USD
TX-b8b99ce748,ACC-10206,2026-03-10T21:35:31,BA-60951070,639.02,"Johnson, Curry and Miller",USD
TX-fc0313b18d,ACC-10206,2026-04-10T20:35:00,BA-40541809,614.33,Wagner-Rodriguez,USD
TX-daf48d1be3,ACC-10206,2026-05-28T20:25:30,BA-52181984,189.81,Benitez-Mcdonald,USD
TX-1faf0b51fa,ACC-10206,2026-01-22T10:06:38,BA-79756655,208.19,"Herrera, Doyle and Benton",USD
TX-3a91236cbb,ACC-10206,2026-05-29T00:27:10,BA-58486215,1058.57,White Inc,USD
TX-080e98dc71,ACC-10206,2026-04-19T04:25:25,BA-15450389,127.96,Lopez-Sanders,USD
TX-f2fdb5fdd3,ACC-10206,2026-04-06T20:52:06,BA-25532025,580.25,Webster-Reynolds,USD
TX-ae14d0cdce,ACC-10206,2026-03-30T17:31:17,BA-90582915,1105.58,Chan and Sons,USD
TX-473a08e031,ACC-10207,2026-03-19T19:02:40,BA-89263249,1466.47,Adams-Byrd,USD
TX-f8efa5006a,ACC-10207,2026-05-24T23:19:27,BA-32645646,101.74,Richards and Sons,USD
TX-708af0835b,ACC-10207,2026-02-08T15:48:35,BA-55450370,304.39,Sharp-Long,USD
TX-86d8decdb3,ACC-10207,2026-03-20T12:07:24,BA-26476859,353.14,"Reed, Mckinney and Morrison",USD
TX-229d51ac13,ACC-10207,2026-03-24T11:15:54,BA-76989425,421.38,"Quinn, Butler and Gibson",USD
TX-de675bf7aa,ACC-10207,2026-05-19T13:07:19,BA-88103795,892.51,Mccormick and Sons,USD
TX-e945645f44,ACC-10207,2026-05-27T20:37:37,BA-96413557,1415.12,Wright-Mcpherson,USD
TX-7cf536e8d7,ACC-10207,2026-03-11T03:32:01,BA-73864322,1001.68,Rivas LLC,USD
TX-9cadfc2caf,ACC-10208,2026-01-30T15:48:15,BA-50634767,934.84,"Durham, Harper and Graves",USD
TX-a6edc557aa,ACC-10208,2026-01-19T16:56:50,BA-20269972,993.32,Cruz Inc,USD
TX-ea828c4cc4,ACC-10208,2026-04-11T23:08:15,BA-76060289,1190.13,Jones-Mejia,USD
TX-53965890d0,ACC-10208,2026-02-09T05:04:12,BA-49401349,994.83,Miller-Perkins,USD
TX-192d170245,ACC-10208,2026-04-06T04:43:56,BA-77752405,396.19,Rodriguez and Sons,USD
TX-a3759a4f51,ACC-10208,2026-03-08T17:21:53,BA-82548572,822.2,Smith-Acosta,USD
TX-fcd94b19a6,ACC-10208,2026-05-29T08:20:04,BA-14241081,1486.11,Miller Inc,USD
TX-0f62775f36,ACC-10209,2026-05-18T02:28:27,BA-32031067,739.76,Owen Ltd,USD
TX-ee45acf88d,ACC-10209,2026-01-27T02:45:38,BA-51937627,1075.01,Ruiz Group,USD
TX-91de1b484f,ACC-10209,2026-04-05T15:42:16,BA-24681002,855.44,"Landry, Rivera and Morrow",USD
TX-d04b069022,ACC-10209,2026-04-06T06:08:45,BA-98594248,832.91,"Kline, Morse and House",USD
TX-98202de715,ACC-10209,2026-04-15T17:45:02,BA-86800757,707.38,Ellis-Walker,USD
TX-5aed1b82e7,ACC-10209,2026-04-20T04:18:00,BA-30979701,762.49,Castro-Brady,USD
TX-0fdf7842cf,ACC-10210,2026-03-25T03:18:54,BA-56324312,1487.96,Barnes Group,USD
TX-307280a377,ACC-10210,2026-03-21T23:43:51,BA-57146562,89.39,Ortega Ltd,USD
TX-197f0835fe,ACC-10210,2026-02-17T10:11:20,BA-43234179,355.76,Mccoy and Sons,USD
TX-5e81e2201f,ACC-10211,2026-02-21T18:32:02,BA-12738346,1045.46,"Wright, Gutierrez and Walker",USD
TX-365deffc13,ACC-10211,2026-04-25T04:13:42,BA-12984525,1478.72,Smith-Freeman,USD
TX-2cbec91819,ACC-10211,2026-03-15T08:23:05,BA-86551556,588.5,"Anderson, Jennings and Miller",USD
TX-8095cebd20,ACC-10211,2026-04-22T04:13:24,BA-23116517,1213.45,Bell-Morris,USD
TX-273946f4a3,ACC-10211,2026-01-20T10:17:52,BA-37636546,507.27,Freeman LLC,USD
TX-0fe016662a,ACC-10211,2026-04-08T15:04:16,BA-99575241,512.61,"White, Shaw and Dorsey",USD
TX-ee746ff870,ACC-10211,2026-04-30T09:18:20,BA-50201014,548.18,Booth PLC,USD
TX-c894aad14e,ACC-10211,2026-03-26T15:51:57,BA-37079584,747.94,Burns-Nolan,USD
TX-49e34c311f,ACC-10212,2026-05-20T08:45:22,BA-87603784,146.63,Gill PLC,USD
TX-a28bf1d28d,ACC-10212,2026-03-07T09:46:44,BA-46690420,105.57,"Miller, King and Young",USD
TX-fc1f313f29,ACC-10212,2026-04-14T02:56:09,BA-73789440,643.52,Anderson LLC,USD
TX-58c0a9d520,ACC-10213,2026-02-06T05:20:04,BA-87422596,751.31,"Munoz, Mason and Moore",USD
TX-38cb18f255,ACC-10213,2026-05-09T07:34:48,BA-72719315,405.56,"Greene, Wagner and Romero",USD
TX-2500f3dfa0,ACC-10213,2026-05-04T20:57:08,BA-81500378,1214.36,Blankenship Ltd,USD
TX-a668b1cb5c,ACC-10213,2026-05-30T08:21:18,BA-68213514,1402.28,Murphy LLC,USD
TX-8bfeac76e8,ACC-10213,2026-05-22T02:16:17,BA-94122098,94.52,"Owens, Crawford and Adams",USD
TX-751b3d0c57,ACC-10213,2026-02-08T23:05:15,BA-58892118,696.42,Sanchez Ltd,USD
TX-f61b27496e,ACC-10213,2026-02-16T16:13:25,BA-30196097,1120.92,Russell LLC,USD
TX-f696c7a1da,ACC-10213,2026-05-29T15:37:43,BA-50302318,1266.96,Gutierrez-Reed,USD
TX-3e49f2c3ae,ACC-10213,2026-03-21T15:57:05,BA-52768905,1290.98,"Barrera, Jackson and Anderson",USD
TX-d07eabf030,ACC-10213,2026-01-13T12:15:14,BA-95084307,309.32,Rodriguez-Bradley,USD
TX-73dfa39cd0,ACC-10214,2026-02-09T05:20:38,BA-31388734,412.7,"Douglas, Gonzalez and Gomez",USD
TX-d4d376dad3,ACC-10214,2026-01-06T15:48:39,BA-44681437,1185.56,Heath-Smith,USD
TX-a801ebd14e,ACC-10215,2026-03-19T01:39:53,BA-28865664,357.88,Kelly Ltd,USD
TX-e99d311bfa,ACC-10215,2026-04-21T20:55:43,BA-77142220,1399.74,Kaufman-Phillips,USD
TX-d068abd46c,ACC-10215,2026-04-12T08:29:54,BA-99149714,1244.33,"Schmidt, Bird and Morris",USD
TX-08089c14b0,ACC-10216,2026-05-16T20:27:17,BA-25161415,478.15,Torres-Roberts,USD
TX-3a9eefe57f,ACC-10216,2026-03-24T06:57:50,BA-73733841,1025.69,Ferguson LLC,USD
TX-1bad6e528d,ACC-10216,2026-02-23T22:19:59,BA-29449696,547.68,Gilbert-House,USD
TX-5557195ab8,ACC-10216,2026-05-19T23:16:10,BA-59357131,1232.94,Hernandez-Jacobson,USD
TX-1ebdcbde87,ACC-10216,2026-01-05T02:12:46,BA-96623797,1450.37,Jones-Monroe,USD
TX-f07f9865ea,ACC-10216,2026-04-28T15:18:04,BA-14672042,1263.0,"Smith, Collins and Simmons",USD
TX-786e625404,ACC-10216,2026-05-09T14:11:05,BA-17337997,1037.57,Reyes Group,USD
TX-7d931f5bf9,ACC-10217,2026-02-19T14:52:23,BA-50384524,139.92,Doyle-Hatfield,USD
TX-d64b09def2,ACC-10217,2026-05-27T22:19:41,BA-41602967,449.65,Ramirez PLC,USD
TX-efe6d2c20a,ACC-10217,2026-02-01T02:42:46,BA-68900892,948.87,Hall PLC,USD
TX-8b43242bb7,ACC-10217,2026-05-29T21:16:17,BA-96493863,612.4,Allen-Wright,USD
TX-c18a7e0096,ACC-10217,2026-01-07T13:54:00,BA-46780559,1300.33,"Christensen, Diaz and Harmon",USD
TX-ecae9e742a,ACC-10217,2026-04-06T11:27:00,BA-73228801,1106.73,Tucker PLC,USD
TX-6e1d6f745c,ACC-10217,2026-03-06T14:35:52,BA-66689004,1315.76,Cervantes-Kramer,USD
TX-f91b29e0e9,ACC-10217,2026-01-20T11:52:38,BA-31520919,1049.23,Hoffman PLC,USD
TX-c364797106,ACC-10218,2026-05-19T13:26:56,BA-97131540,1145.93,Powers Ltd,USD
TX-cea7cd3375,ACC-10218,2026-04-26T08:18:56,BA-65071708,1190.0,Chase-Johnson,USD
TX-0168a3ba92,ACC-10218,2026-03-04T00:30:28,BA-70597948,720.16,"Cisneros, Williams and Bird",USD
TX-adf9ba5893,ACC-10218,2026-05-23T18:09:01,BA-27919382,394.72,Ferguson-Morrison,USD
TX-1c7393ff9d,ACC-10218,2026-05-14T11:49:40,BA-89593852,1241.02,Carson-Price,USD
TX-be472ac978,ACC-10218,2026-02-24T17:16:14,BA-36664193,131.18,Andrews-Bautista,USD
TX-d68f46bb8d,ACC-10218,2026-03-13T09:08:17,BA-34412762,593.27,Lynch Inc,USD
TX-e1b93d0553,ACC-10218,2026-03-15T06:26:19,BA-86556525,340.61,Alvarado Ltd,USD
TX-28d77a82d9,ACC-10218,2026-01-05T11:02:54,BA-84964625,972.42,Smith-Harrison,USD
TX-23e7d5eb68,ACC-10218,2026-05-02T16:17:42,BA-40696566,1360.73,Weaver-Sweeney,USD
TX-fd9d73d554,ACC-10219,2026-02-07T00:00:00,BA-45729141,435.5,Mckenzie Group,USD
TX-188eea5c3a,ACC-10219,2026-04-06T22:59:25,BA-61281039,199.65,Zhang-Hunt,USD
TX-6ed87d7983,ACC-10219,2026-02-10T02:51:12,BA-90541748,327.27,"Williams, Harris and Oliver",USD
TX-bc269e1f69,ACC-10219,2026-02-24T22:43:22,BA-35415894,630.4,Steele-Rodriguez,USD
TX-66caabbf2e,ACC-10219,2026-03-21T07:51:37,BA-29588118,48.02,"Pope, Bell and Alvarado",USD
TX-3b676ee6c2,ACC-10220,2026-05-23T22:29:37,BA-90154282,388.06,Henry-Valencia,USD
TX-86e472920a,ACC-10220,2026-01-19T12:02:03,BA-84759271,92.83,"Welch, Clark and Mitchell",USD
TX-a99951f4cc,ACC-10220,2026-03-06T15:15:06,BA-41519884,709.04,"Hanson, Atkinson and Turner",USD
TX-77a6878add,ACC-10220,2026-03-10T19:09:55,BA-91386202,1409.29,"Hudson, Molina and Roberts",USD
TX-1229104dbd,ACC-10220,2026-04-27T03:57:48,BA-16108500,13.01,Sanders LLC,USD
TX-9a6a137747,ACC-10220,2026-04-08T23:20:10,BA-93169072,574.5,Rice and Sons,USD
TX-2bae758462,ACC-10220,2026-03-18T15:25:13,BA-59781518,202.7,"Mccarthy, Elliott and Morris",USD
TX-f4ae3357dc,ACC-10220,2026-04-19T15:44:25,BA-15519702,872.83,Mack and Sons,USD
TX-23a2d77f77,ACC-10221,2026-05-26T05:06:34,BA-58397866,1389.72,Schmidt PLC,USD
TX-5f63e30bd8,ACC-10221,2026-02-24T22:31:42,BA-45328305,921.33,Dawson-Ferguson,USD
TX-e99ad510bc,ACC-10221,2026-05-28T21:08:42,BA-45400991,777.87,"Collier, Marks and Thompson",USD
TX-890b580d9b,ACC-10221,2026-03-26T14:51:37,BA-32143753,476.74,Chang Ltd,USD
TX-0be0b58033,ACC-10221,2026-04-06T09:30:23,BA-30302410,835.73,Murray-Mccullough,USD
TX-9f12e47a6f,ACC-10221,2026-05-08T15:47:48,BA-95450010,1198.34,"Holt, Matthews and Castro",USD
TX-670a0797fe,ACC-10222,2026-03-26T17:54:38,BA-25572483,1492.83,Smith PLC,USD
TX-d41d5edb37,ACC-10222,2026-04-07T02:27:05,BA-15474970,665.07,"Newman, Johnson and Johnson",USD
TX-18f3ef18e5,ACC-10222,2026-05-18T16:18:55,BA-85276619,730.37,"Scott, Wagner and Russell",USD
TX-f756e6a5aa,ACC-10222,2026-04-06T17:29:35,BA-25098270,1269.53,Carlson-Foster,USD
TX-e4cf11c162,ACC-10222,2026-01-29T17:58:49,BA-26596590,527.66,Miller-Freeman,USD
TX-4faecd13b8,ACC-10222,2026-02-09T13:28:04,BA-48133464,275.08,"Peterson, King and Aguilar",USD
TX-4789215be8,ACC-10222,2026-02-02T16:18:41,BA-78281626,1234.74,Cunningham Group,USD
TX-680d94e2c2,ACC-10222,2026-04-20T08:55:23,BA-99004832,880.59,Garcia-Terry,USD
TX-5e594800dd,ACC-10222,2026-04-24T07:31:40,BA-10553745,791.39,"Ritter, Smith and Dixon",USD
TX-746b9189ca,ACC-10223,2026-03-05T23:14:26,BA-15885044,985.98,"Greene, Moore and Schwartz",USD
TX-e162376326,ACC-10223,2026-03-29T23:36:30,BA-53609415,1421.39,Andrade-Vazquez,USD
TX-e288172172,ACC-10224,2026-01-24T10:02:45,BA-50070254,738.81,Flores LLC,USD
TX-60b992216d,ACC-10224,2026-03-25T22:56:10,BA-51621092,1356.08,"Wilson, Hall and Morris",USD
TX-e207e6fc3f,ACC-10224,2026-04-28T04:34:38,BA-27620998,541.77,Mitchell-Morris,USD
TX-ec1e69c159,ACC-10224,2026-01-19T15:54:43,BA-59319220,771.42,"Jones, Walker and Turner",USD
TX-cae6ce2bff,ACC-10225,2026-04-13T09:17:48,BA-94498056,972.6,Schmidt-Johnson,USD
TX-d08854b0f3,ACC-10225,2026-01-17T07:19:44,BA-49017499,704.99,"Green, Morse and Harris",USD
TX-55d1614237,ACC-10225,2026-01-16T09:01:12,BA-74103912,454.09,Osborne-Hines,USD
TX-9d90456546,ACC-10225,2026-01-25T19:32:36,BA-50320166,1263.1,Henderson and Sons,USD
TX-75a8ee949d,ACC-10225,2026-04-12T13:47:08,BA-67409191,446.75,Nichols Group,USD
TX-de05fc871c,ACC-10225,2026-01-10T06:25:47,BA-83953207,119.42,Estrada-Williams,USD
TX-880c57af45,ACC-10225,2026-01-09T18:09:26,BA-78909330,165.91,Wells-Watson,USD
TX-e1a8eedab1,ACC-10225,2026-03-24T12:14:25,BA-65434526,146.25,Elliott-Cole,USD
TX-7a911b9e28,ACC-10225,2026-05-09T07:48:31,BA-86299853,1220.17,Moss LLC,USD
TX-7ad2839ed5,ACC-10226,2026-05-02T03:10:01,BA-45577682,515.29,Chen-Wilkinson,USD
TX-6320b044ed,ACC-10226,2026-02-06T08:22:36,BA-38329117,281.71,Turner Ltd,USD
TX-6e2a88f96d,ACC-10226,2026-05-26T01:24:32,BA-91074604,392.68,"Bennett, Rodgers and Williams",USD
TX-51212dfff7,ACC-10226,2026-05-11T18:18:44,BA-24271459,653.53,"Shaw, West and Jones",USD
TX-554c970750,ACC-10226,2026-01-04T11:29:27,BA-10784780,595.43,Farley PLC,USD
TX-11321259e6,ACC-10226,2026-01-03T14:00:14,BA-33049928,985.42,Clay Group,USD
TX-f9ebfcd2bb,ACC-10226,2026-03-31T08:30:54,BA-64370473,1303.83,"Bartlett, Garcia and Barry",USD
TX-6fade6b65b,ACC-10226,2026-05-25T12:26:29,BA-90783964,1090.24,Hodge PLC,USD
TX-292d983712,ACC-10226,2026-02-28T19:09:00,BA-93013580,1220.63,James-Rodriguez,USD
TX-1803b4c5b8,ACC-10227,2026-04-03T00:56:57,BA-66623671,37.62,Smith Group,USD
TX-a95d2dcddd,ACC-10227,2026-02-02T06:06:27,BA-30457766,1109.48,Smith-Fisher,USD
TX-46fc799fb5,ACC-10227,2026-03-28T11:05:22,BA-75101884,709.88,Young Group,USD
TX-e258b5d32a,ACC-10227,2026-03-29T06:53:51,BA-88547740,367.73,Brown-Sanders,USD
TX-42ef4f329a,ACC-10228,2026-01-08T04:30:45,BA-75430674,602.52,"Fisher, Fisher and Smith",USD
TX-600c174e39,ACC-10228,2026-04-10T16:24:39,BA-89327948,1088.3,Miller Group,USD
TX-5e6b81b7f9,ACC-10228,2026-05-12T18:49:18,BA-75485030,351.7,Davis PLC,USD
TX-5e4ba5f56f,ACC-10228,2026-01-12T18:54:15,BA-80908408,33.43,"Gonzalez, Morse and Clark",USD
TX-8049b60266,ACC-10228,2026-04-22T22:14:03,BA-52392689,832.12,Smith Group,USD
TX-d14085fce4,ACC-10228,2026-02-22T00:15:58,BA-97013391,628.62,Andersen Group,USD
TX-c504a0df98,ACC-10229,2026-02-26T23:18:55,BA-62394739,1439.91,Farley Inc,USD
TX-9b5a287e6e,ACC-10229,2026-05-11T16:54:26,BA-97577092,1103.2,"Coleman, Haney and Carter",USD
TX-fa38d53660,ACC-10229,2026-04-02T17:11:35,BA-31746728,934.65,"Jones, Miller and Knapp",USD
TX-89aeaf6d28,ACC-10229,2026-02-24T20:20:45,BA-21568480,1002.25,Ross-Walker,USD
TX-212e3da1d7,ACC-10230,2026-03-11T16:04:02,BA-45005058,538.78,"Hernandez, Jones and Adams",USD
TX-2e106da1ed,ACC-10230,2026-01-31T19:09:18,BA-33449822,1242.78,"Hernandez, Sanders and William",USD
TX-9429596d29,ACC-10231,2026-03-30T18:24:23,BA-24888885,1462.12,Marshall LLC,USD
TX-da892f0a3a,ACC-10231,2026-04-29T13:28:27,BA-91826622,1174.32,Carrillo-Garcia,USD
TX-cac5267270,ACC-10231,2026-01-20T18:44:22,BA-85493830,67.74,Robinson Inc,USD
TX-f3c4152ea9,ACC-10231,2026-01-21T11:15:04,BA-32420574,946.74,Ingram-James,USD
TX-908167d6ea,ACC-10231,2026-02-09T21:10:09,BA-58538289,239.76,Becker-Snyder,USD
TX-5736dd7d66,ACC-10231,2026-02-26T17:23:30,BA-69259530,1144.14,"Wu, Wolfe and Lewis",USD
TX-de50a9f696,ACC-10231,2026-04-07T18:40:13,BA-23327047,235.67,Davis PLC,USD
TX-a2de2a44b5,ACC-10231,2026-03-12T15:08:12,BA-54910261,1229.65,Higgins Ltd,USD
TX-5463ceff1b,ACC-10231,2026-01-24T21:08:40,BA-37097261,661.47,Duarte PLC,USD
TX-947f765386,ACC-10232,2026-01-27T19:06:00,BA-67555628,623.05,Williams LLC,USD
TX-8f24ecf5ed,ACC-10232,2026-03-21T11:31:10,BA-71572793,1428.0,Johnson Ltd,USD
TX-4f42f16ca9,ACC-10232,2026-04-11T05:27:28,BA-58556533,1415.89,Scott-Howard,USD
TX-355925e5d2,ACC-10232,2026-03-27T22:33:58,BA-29539994,1156.38,"Murray, Rice and Clark",USD
TX-97368bdbeb,ACC-10232,2026-05-20T08:22:41,BA-79437366,1415.75,"Faulkner, Pacheco and Bell",USD
TX-25bb5aa92c,ACC-10233,2026-04-22T13:37:51,BA-17759103,1466.71,Juarez-Schneider,USD
TX-5b2e49a020,ACC-10233,2026-05-19T12:32:34,BA-98632237,1314.34,"Orr, White and Vega",USD
TX-4aa292f953,ACC-10233,2026-02-27T10:10:32,BA-66278204,605.99,David PLC,USD
TX-4c76edba19,ACC-10233,2026-05-13T05:05:14,BA-84304333,1310.95,Lopez Inc,USD
TX-134fe3aa36,ACC-10234,2026-05-31T13:37:38,BA-36480587,1322.06,Jennings and Sons,USD
TX-fafde53c4d,ACC-10234,2026-01-17T08:46:39,BA-14962052,808.46,Mcfarland-Harrison,USD
TX-0a714d2958,ACC-10234,2026-03-17T17:30:05,BA-26912191,783.1,"Weber, Dominguez and Thomas",USD
TX-db442bd33f,ACC-10234,2026-04-16T00:15:54,BA-48108152,324.53,Armstrong-Chambers,USD
TX-dc5d10e768,ACC-10234,2026-04-10T08:33:45,BA-84059443,471.82,"Jimenez, Arroyo and Peters",USD
TX-5c93504b96,ACC-10234,2026-03-08T03:49:06,BA-95320264,244.24,Skinner-Boyer,USD
TX-72ec685b54,ACC-10234,2026-01-06T09:58:57,BA-82468532,890.79,"Keith, Haas and Montoya",USD
TX-64b8721f9d,ACC-10234,2026-02-16T20:43:29,BA-50794416,1091.13,Young Group,USD
TX-4364555526,ACC-10235,2026-02-25T06:01:53,BA-99512805,1178.26,Duarte-Smith,USD
TX-a34d4f019a,ACC-10235,2026-05-19T19:27:47,BA-86875315,1010.29,Thornton Ltd,USD
TX-95efed4140,ACC-10235,2026-05-19T17:07:00,BA-60689435,781.9,Lewis-Lewis,USD
TX-907f8435a1,ACC-10235,2026-02-18T02:03:17,BA-24123318,495.13,"Castillo, Schultz and Williams",USD
TX-71eb878cb1,ACC-10235,2026-04-24T02:02:11,BA-35844329,1235.15,Davis LLC,USD
TX-48101cb437,ACC-10235,2026-03-12T03:37:43,BA-70976401,151.49,"Jackson, Moore and Wilcox",USD
TX-d24f9f5e82,ACC-10236,2026-05-23T02:02:53,BA-65958370,1236.6,"Patterson, Webb and Lloyd",USD
TX-f00481ff28,ACC-10236,2026-01-29T00:42:07,BA-77885433,195.05,Patterson-Anderson,USD
TX-c3c7d6e249,ACC-10236,2026-05-19T02:12:06,BA-71433172,198.43,Munoz and Sons,USD
TX-b2b226b95b,ACC-10236,2026-05-17T19:19:22,BA-78878589,1295.59,Tran and Sons,USD
TX-db6d4aa453,ACC-10236,2026-01-23T22:11:27,BA-38540398,685.87,Willis-Wilson,USD
TX-9911aeaa29,ACC-10236,2026-01-07T07:57:41,BA-31050667,1416.38,Smith Ltd,USD
TX-8da84d37c0,ACC-10236,2026-03-13T17:12:43,BA-25940510,904.39,"Pope, Rodriguez and Moore",USD
TX-2c91f05c27,ACC-10236,2026-03-21T08:18:23,BA-24809069,185.7,Mcgee PLC,USD
TX-e7fe31fe0f,ACC-10236,2026-04-22T00:37:00,BA-48868189,65.22,Nichols-Gonzalez,USD
TX-cde46265fa,ACC-10237,2026-02-25T01:07:23,BA-38934853,278.7,"Horton, Lynn and Crawford",USD
TX-8f4fdfdad4,ACC-10237,2026-05-24T15:04:01,BA-75604774,8.12,Reyes PLC,USD
TX-1c347c51d6,ACC-10237,2026-04-17T07:42:31,BA-56794869,106.01,"Sanchez, Watson and Robles",USD
TX-a4a511cf7e,ACC-10237,2026-01-09T16:14:07,BA-66045988,724.36,Campbell-Stephenson,USD
TX-68d5ebdb4a,ACC-10237,2026-03-02T03:18:55,BA-85935555,681.3,Reid LLC,USD
TX-cf3dc56eed,ACC-10237,2026-03-07T14:22:13,BA-60641104,715.47,"Spencer, Sanchez and Baker",USD
TX-fead8baa0c,ACC-10238,2026-04-19T22:39:22,BA-96591866,190.05,"Parsons, Byrd and Carlson",USD
TX-498d4fea6d,ACC-10238,2026-04-19T14:46:23,BA-21428912,292.68,Welch Inc,USD
TX-4900a38b8d,ACC-10238,2026-05-01T03:22:11,BA-82723772,867.4,"Carr, Hartman and Holder",USD
TX-a5e733bd5b,ACC-10238,2026-01-11T06:24:44,BA-86536905,785.02,Smith-Martinez,USD
TX-9db4cf5328,ACC-10238,2026-05-26T17:51:23,BA-73865585,756.45,"Brown, Lewis and Hansen",USD
TX-610a73b2fa,ACC-10238,2026-01-04T14:58:51,BA-26144134,989.09,Williamson LLC,USD
TX-a5774f6a5c,ACC-10239,2026-04-16T04:52:27,BA-32569515,431.6,May-Williams,USD
TX-a937023da5,ACC-10239,2026-02-05T11:17:56,BA-44299947,1153.62,Gonzalez-Pearson,USD
TX-a7e46d8167,ACC-10239,2026-01-30T22:45:05,BA-51177222,1428.49,Mccarthy PLC,USD
TX-f7002d0f1a,ACC-10240,2026-02-20T02:03:39,BA-60400522,1412.66,Miller Group,USD
TX-57a7317863,ACC-10240,2026-01-24T11:44:37,BA-16962963,307.83,Moore LLC,USD
TX-7d08691c61,ACC-10240,2026-05-27T01:11:50,BA-90128603,881.11,"Berry, Gomez and Love",USD
TX-11bf1c1ec5,ACC-10240,2026-04-06T17:27:02,BA-78265991,1129.82,"Medina, Jimenez and Howard",USD
TX-7d011266e0,ACC-10240,2026-03-16T18:27:24,BA-25445960,407.58,"Mccullough, Snyder and Stewart",USD
TX-0f7a0256d0,ACC-10240,2026-03-03T19:33:19,BA-72387558,831.92,"Lopez, Green and Jones",USD
TX-bf3aeb90c0,ACC-10240,2026-01-13T17:03:26,BA-74984400,48.22,Keith-Martin,USD
TX-9796b7181c,ACC-10241,2026-02-09T12:10:40,BA-29108179,563.09,Sullivan-Huynh,USD
TX-f2d0da88cb,ACC-10241,2026-02-02T15:48:51,BA-42905017,808.62,"Douglas, Hines and Mcneil",USD
TX-1843e99c78,ACC-10241,2026-03-24T06:49:46,BA-84511273,680.35,Simmons Group,USD
TX-d7c959d07f,ACC-10241,2026-01-01T04:39:54,BA-72364542,1441.87,Smith Group,USD
TX-c4c6d62f1e,ACC-10241,2026-05-01T12:48:39,BA-48822404,981.32,"Fox, Scott and Henry",USD
TX-58840a7ecc,ACC-10241,2026-02-02T12:03:18,BA-10072871,94.96,Palmer-Lutz,USD
TX-9b19b6a9b3,ACC-10241,2026-04-04T15:09:03,BA-46682099,898.81,"Abbott, Allen and Munoz",USD
TX-1900c1c95a,ACC-10241,2026-05-13T01:01:09,BA-61023340,1498.87,"Jimenez, Alvarado and Martin",USD
TX-6dc1710552,ACC-10241,2026-05-03T18:17:52,BA-38555376,879.81,"Lee, Chapman and Hamilton",USD
TX-36074c37fa,ACC-10241,2026-04-10T02:18:10,BA-47756962,73.0,Price Inc,USD
TX-2c1f741e4d,ACC-10242,2026-04-27T09:56:10,BA-54084785,28.73,Garrison Inc,USD
TX-fcdb1eb306,ACC-10242,2026-05-15T08:13:54,BA-27948365,971.43,Sanders-Sanders,USD
TX-de49231bf2,ACC-10242,2026-01-01T09:32:31,BA-91709974,717.41,Robinson Group,USD
TX-41b0665236,ACC-10242,2026-01-02T20:38:22,BA-33291610,622.68,Rivera Inc,USD
TX-f1f330a425,ACC-10242,2026-05-16T05:52:42,BA-75629343,1144.89,Wilson-Stevens,USD
TX-d517ca11f1,ACC-10242,2026-04-15T11:52:27,BA-20891605,1182.02,"Bowman, Becker and Ramos",USD
TX-c16528a7a7,ACC-10242,2026-05-07T01:00:45,BA-97411506,120.9,Leonard-Garcia,USD
TX-7cb9e74af3,ACC-10242,2026-01-07T00:13:33,BA-69750614,1010.01,"Irwin, Gutierrez and Johnson",USD
TX-0db203456c,ACC-10242,2026-03-10T13:04:28,BA-60516391,1242.06,"Hughes, Williams and Murray",USD
TX-41a469fa25,ACC-10243,2026-04-30T02:51:00,BA-93917830,458.25,"Hansen, Graham and Mejia",USD
TX-40fae5488f,ACC-10243,2026-05-20T09:14:05,BA-39681939,355.22,"Collins, Torres and Spears",USD
TX-39bf31dc5f,ACC-10243,2026-04-06T21:18:54,BA-58720925,60.01,Baker-Moyer,USD
TX-8b4f55a74f,ACC-10244,2026-04-21T15:56:30,BA-40596967,1322.1,Archer PLC,USD
TX-48ac61bc79,ACC-10244,2026-05-22T12:54:53,BA-46819677,291.82,"Medina, Smith and Johnson",USD
TX-04ebe307d0,ACC-10244,2026-05-12T15:36:35,BA-13102778,1487.97,"Maddox, Cook and Wagner",USD
TX-d5289e5dd4,ACC-10244,2026-05-15T13:32:52,BA-81530199,923.61,"Donovan, Pierce and Davies",USD
TX-9b417cee9c,ACC-10244,2026-05-13T04:12:01,BA-85177493,1325.24,Bush Ltd,USD
TX-9b9bce6ca8,ACC-10244,2026-01-01T09:06:38,BA-67326334,963.24,Joyce PLC,USD
TX-648a538ab6,ACC-10245,2026-03-12T04:34:51,BA-79425047,1139.74,Haynes-Norton,USD
TX-eeaf4e25f3,ACC-10245,2026-05-21T01:07:48,BA-40138350,75.21,Christensen and Sons,USD
TX-559c3b9774,ACC-10245,2026-03-23T13:37:52,BA-81458898,676.05,Curtis-Walters,USD
TX-760b9fa688,ACC-10245,2026-01-02T00:02:38,BA-62594409,295.94,Bennett-Cook,USD
TX-4cf1409a8b,ACC-10245,2026-01-16T21:15:25,BA-86748329,1212.47,"Campos, Durham and Stewart",USD
TX-10ed692ded,ACC-10245,2026-05-24T04:44:20,BA-40283277,1467.25,Parks Group,USD
TX-155102eedb,ACC-10245,2026-03-24T07:08:43,BA-19991216,1375.91,"Evans, Taylor and Flores",USD
TX-d098e4b412,ACC-10245,2026-02-08T05:30:44,BA-32076343,497.19,"Rice, Mendez and Leonard",USD
TX-695b28a9c0,ACC-10245,2026-01-13T04:52:29,BA-94019584,939.82,Byrd PLC,USD
TX-9311f06a2e,ACC-10246,2026-02-17T23:49:08,BA-24474127,713.0,Anderson and Sons,USD
TX-1a96bd4a62,ACC-10246,2026-03-08T04:15:08,BA-17305854,1233.34,Anderson Group,USD
TX-09e945f3e2,ACC-10246,2026-04-11T21:51:40,BA-41775196,1415.6,"Wilson, Buchanan and Smith",USD
TX-113be58be7,ACC-10246,2026-05-31T15:15:16,BA-90525899,931.25,Warner and Sons,USD
TX-126d9bef7b,ACC-10246,2026-05-29T08:57:26,BA-22840710,939.9,Chase-Fox,USD
TX-724b30c4db,ACC-10246,2026-04-23T10:01:48,BA-26753912,132.87,"Davis, Miller and Stewart",USD
TX-f3977496a8,ACC-10247,2026-01-11T15:20:04,BA-50462762,918.05,Horton PLC,USD
TX-f2d6a797c7,ACC-10247,2026-03-25T20:30:56,BA-18830219,157.23,"Smith, Fitzgerald and Kemp",USD
TX-c0a2fcb59d,ACC-10247,2026-01-11T20:00:00,BA-85062345,83.04,"Jennings, Dyer and Perez",USD
TX-ddcc85e04a,ACC-10247,2026-03-16T01:42:41,BA-63912988,148.27,Cox Inc,USD
TX-c7383830f2,ACC-10247,2026-05-27T00:24:11,BA-65177982,353.5,Page-Fisher,USD
TX-a555c1c1e1,ACC-10247,2026-04-27T10:13:33,BA-98546660,937.89,Mccann-Johnson,USD
TX-3b7751d909,ACC-10247,2026-03-30T01:02:58,BA-61528873,698.99,"Nelson, Mays and Washington",USD
TX-598d556521,ACC-10247,2026-03-25T03:07:02,BA-93243271,930.75,Johns LLC,USD
TX-d8438d026d,ACC-10247,2026-03-07T22:43:38,BA-97365194,1406.69,"Jones, Daniel and Morgan",USD
TX-0a19a83832,ACC-10248,2026-04-26T03:03:04,BA-35986503,1357.03,Wilson-Bird,USD
TX-f761f8b43c,ACC-10248,2026-01-25T11:07:00,BA-95545512,765.8,"Buckley, Price and Berger",USD
TX-209b860697,ACC-10248,2026-03-11T00:14:35,BA-66506603,724.69,Walters-Lang,USD
TX-03d41447fa,ACC-10249,2026-04-09T11:17:38,BA-85088096,1288.76,"Ellis, Guzman and Good",USD
TX-2222a5be99,ACC-10249,2026-03-23T22:56:50,BA-56146216,297.13,Mata-Malone,USD
TX-50b0df37ef,ACC-10249,2026-02-08T21:48:02,BA-95973808,1363.21,Mayer-Ramirez,USD
TX-d7f6d1509c,ACC-10249,2026-01-14T06:47:04,BA-55842323,288.09,Garza-Mcneil,USD
TX-d357001b24,ACC-10249,2026-04-03T09:02:22,BA-72733686,901.64,Preston and Sons,USD
TX-ac6a51f9d1,ACC-10250,2026-05-23T15:25:10,BA-54495204,1211.87,Potter Ltd,USD
TX-bedb8a89f5,ACC-10250,2026-03-14T23:52:33,BA-37557095,603.47,Campbell Group,USD
TX-942949e5ba,ACC-10250,2026-01-02T07:20:33,BA-58696493,19.79,"Lopez, Rose and Jackson",USD
TX-98699f180d,ACC-10250,2026-03-11T11:52:21,BA-14028892,834.26,Mcdonald LLC,USD
TX-15460092a2,ACC-10250,2026-01-28T15:38:28,BA-49000479,663.41,"Gray, Pennington and Cain",USD
TX-f82e5f3916,ACC-10250,2026-05-03T14:13:56,BA-88609496,1369.5,Robinson-Stokes,USD
TX-f5ec0c3815,ACC-10250,2026-03-11T21:17:55,BA-15892805,1463.09,Miller PLC,USD
TX-46ee87082f,ACC-10250,2026-02-08T15:58:47,BA-36551621,429.73,Norris PLC,USD
TX-27cdc4f0ba,ACC-10250,2026-02-12T12:21:28,BA-45164890,1079.66,Lee and Sons,USD
TX-6b62535429,ACC-10251,2026-05-09T08:03:28,BA-32999523,1412.04,"Cox, Taylor and Lynch",USD
TX-2740d973d9,ACC-10251,2026-05-02T00:20:24,BA-68212652,1318.19,Wagner-Gutierrez,USD
TX-9c70b3d81e,ACC-10251,2026-01-13T16:40:52,BA-25903904,220.93,"Dudley, Mcfarland and Palmer",USD
TX-484862aeb8,ACC-10251,2026-01-26T09:32:50,BA-35453201,291.56,"Lee, Carter and Weaver",USD
TX-7cda431762,ACC-10251,2026-03-15T10:31:08,BA-60231696,480.34,"Mckee, Lee and Harvey",USD
TX-78ca36f1d6,ACC-10251,2026-03-25T09:48:08,BA-95381661,370.6,Johnson-Anderson,USD
TX-8c0eb0a6fb,ACC-10251,2026-01-09T23:17:06,BA-92681879,883.05,Nguyen-White,USD
TX-4854cc11a9,ACC-10252,2026-02-04T18:11:36,BA-53194369,1070.17,Webb-Gray,USD
TX-dff91df4d4,ACC-10252,2026-04-13T00:53:38,BA-74867032,1074.9,Obrien-Ballard,USD
TX-62d8bf576c,ACC-10252,2026-04-07T01:53:52,BA-73586743,406.16,"Steele, Harris and Anderson",USD
TX-0dce03714b,ACC-10252,2026-03-19T20:32:38,BA-95645083,1382.17,Nelson PLC,USD
TX-a4be7e9d45,ACC-10252,2026-04-24T09:33:22,BA-97206259,59.72,Mendoza-Mcdonald,USD
TX-47e58dcecf,ACC-10252,2026-02-12T15:03:59,BA-37246265,680.86,"Fisher, Edwards and Chan",USD
TX-47b00ac482,ACC-10252,2026-02-15T12:18:40,BA-63136795,331.8,"Holden, Lamb and Johnson",USD
TX-edd351d501,ACC-10252,2026-03-24T12:45:00,BA-60611218,859.2,"Torres, Baker and Johnson",USD
TX-1b8cab8289,ACC-10252,2026-03-14T15:27:59,BA-44162336,828.08,Medina PLC,USD
TX-2989713f69,ACC-10253,2026-03-25T23:37:20,BA-64888712,554.43,Jones-Powell,USD
TX-70676d2a2c,ACC-10253,2026-04-07T14:43:07,BA-52549761,413.16,Russell-Gonzales,USD
TX-d96524084f,ACC-10253,2026-01-05T19:11:42,BA-34100904,665.32,"Jenkins, Powell and Hall",USD
TX-38b3735eb9,ACC-10253,2026-02-21T13:54:05,BA-96618062,118.45,Cannon Group,USD
TX-2f30afea1e,ACC-10253,2026-01-17T00:05:53,BA-49529512,1264.69,Moody Inc,USD
TX-ad362f01d0,ACC-10253,2026-04-10T13:46:45,BA-83370374,967.26,Smith and Sons,USD
TX-71fd183bde,ACC-10253,2026-02-23T16:14:01,BA-40566959,152.12,Garner Group,USD
TX-6386592545,ACC-10253,2026-01-14T20:30:32,BA-58350177,62.23,Turner PLC,USD
TX-4256f0be7c,ACC-10253,2026-02-08T21:29:47,BA-54796219,298.99,"Fisher, Johnson and King",USD
TX-fd11e56a33,ACC-10254,2026-03-20T18:58:17,BA-87840078,1137.92,Ford LLC,USD
TX-aabd65b6ef,ACC-10254,2026-01-03T07:24:53,BA-73351303,982.87,"Davis, Booth and Stewart",USD
TX-16ee3750ce,ACC-10254,2026-05-28T19:15:54,BA-30036175,1298.87,Hale-Nichols,USD
TX-522206975f,ACC-10254,2026-02-14T04:35:33,BA-40457532,1086.39,Santiago Inc,USD
TX-719fe8d4c3,ACC-10254,2026-02-10T18:05:18,BA-73678024,354.42,Powers-Stewart,USD
TX-e424a90573,ACC-10254,2026-04-24T23:38:06,BA-84170763,1137.64,Butler-Bell,USD
TX-a37b1950f0,ACC-10254,2026-05-21T07:08:32,BA-71928212,514.29,Brown PLC,USD
TX-7cd9c14a24,ACC-10254,2026-01-17T16:12:37,BA-52020192,1269.47,Stanley Ltd,USD
TX-2faaaa4593,ACC-10255,2026-05-14T03:53:10,BA-64139232,1145.45,"Smith, Ross and Green",USD
TX-abfbd61e0e,ACC-10255,2026-05-15T02:02:59,BA-82155988,452.96,"King, Cowan and Lee",USD
TX-2342db7527,ACC-10255,2026-04-24T23:24:32,BA-13119198,853.53,Williams LLC,USD
TX-0168ad0156,ACC-10255,2026-01-07T06:06:17,BA-28674348,234.77,"Bauer, Summers and Maxwell",USD
TX-fe3b83e3b3,ACC-10255,2026-03-06T03:04:44,BA-86261289,946.61,Fleming and Sons,USD
TX-c76de1348b,ACC-10255,2026-04-28T02:11:47,BA-91582537,862.95,"Garcia, Webb and Stout",USD
TX-5ea4f71e6d,ACC-10255,2026-03-17T21:39:36,BA-61179711,310.29,"Weber, Chambers and Martinez",USD
TX-0905fbb753,ACC-10255,2026-03-17T20:29:47,BA-18550910,804.06,Brown and Sons,USD
TX-d12e0287f0,ACC-10256,2026-01-06T05:04:35,BA-35057390,302.5,"Moran, Silva and Garrett",USD
TX-97c7ad4ab1,ACC-10256,2026-03-16T22:23:48,BA-48093356,312.81,"Summers, Webb and Campbell",USD
TX-4fcb95d7a6,ACC-10256,2026-02-26T12:39:00,BA-98525972,788.97,"Castaneda, Edwards and Robinso",USD
TX-2fc4c1cfc3,ACC-10256,2026-03-30T06:53:10,BA-17711235,556.14,Medina LLC,USD
TX-d8e40ed5f2,ACC-10256,2026-01-03T03:28:59,BA-33062057,493.52,Franco-Lee,USD
TX-3a4897622c,ACC-10256,2026-03-21T18:45:07,BA-62493261,239.77,Johnson PLC,USD
TX-2e198ec9e4,ACC-10256,2026-01-22T12:06:15,BA-27332564,807.0,"Thompson, Cobb and Allison",USD
TX-d6282d24ad,ACC-10256,2026-04-03T20:48:42,BA-19229212,586.54,Johnson Group,USD
TX-9bc53c9059,ACC-10256,2026-02-10T02:15:54,BA-27439215,1306.32,Bailey-Green,USD
TX-cb7a4bae51,ACC-10257,2026-01-13T10:07:19,BA-63584671,909.25,"Harris, Wright and Graham",USD
TX-f0584c7bda,ACC-10257,2026-02-17T22:21:30,BA-80579265,496.69,Schwartz PLC,USD
TX-98481bf49a,ACC-10257,2026-04-21T12:47:59,BA-75895351,693.01,Ramos-Fuller,USD
TX-c6be88a922,ACC-10257,2026-04-22T20:58:23,BA-15245871,1107.25,Mitchell and Sons,USD
TX-8112c99e81,ACC-10257,2026-02-25T21:45:58,BA-96744801,1322.09,Barrera-Green,USD
TX-e2f2a54355,ACC-10257,2026-03-30T14:32:34,BA-56544270,1051.97,"Coleman, Hughes and Davis",USD
TX-6e0f611016,ACC-10257,2026-05-19T04:31:11,BA-49922892,589.68,"Henry, Roberts and Smith",USD
TX-baf6180ada,ACC-10257,2026-02-04T00:08:51,BA-65707438,377.46,Mitchell-Turner,USD
TX-32ccf2feeb,ACC-10257,2026-04-30T22:51:38,BA-67992341,689.45,"Bowman, Taylor and Rice",USD
TX-37a5e082b1,ACC-10258,2026-05-16T13:07:14,BA-39159454,1363.56,Graves-Gomez,USD
TX-4caa2a89a1,ACC-10258,2026-03-21T20:41:42,BA-84198767,186.24,Rodriguez-Green,USD
TX-612ed734e2,ACC-10258,2026-03-13T14:24:57,BA-20272170,1134.32,Newman PLC,USD
TX-c04e8bfb79,ACC-10259,2026-04-05T03:08:30,BA-71922288,107.01,Douglas-Archer,USD
TX-468d3712f4,ACC-10259,2026-04-17T11:51:44,BA-98184081,367.23,Grant Ltd,USD
TX-7ae45bc9de,ACC-10259,2026-03-26T23:56:24,BA-28824809,708.83,Kelly Inc,USD
TX-f24f463ab7,ACC-10259,2026-02-24T04:53:43,BA-31658249,260.03,Hudson Group,USD
TX-9e86df7fba,ACC-10259,2026-01-04T12:11:39,BA-91468625,155.27,Shields-Brandt,USD
TX-64cb60ac81,ACC-10259,2026-02-27T02:48:48,BA-26663316,804.31,"Beck, Morris and Morris",USD
TX-f1c91a4c24,ACC-10259,2026-03-17T21:29:26,BA-32609429,120.99,Sandoval PLC,USD
TX-f0d35a5058,ACC-10259,2026-05-29T06:34:58,BA-11504663,1017.69,Rivera Ltd,USD
TX-ab131cd3e0,ACC-10259,2026-01-30T19:20:43,BA-69144114,540.34,Marks-Fisher,USD
TX-0db832bd02,ACC-10260,2026-05-15T01:14:55,BA-51382580,668.76,Thompson LLC,USD
TX-9da76b335c,ACC-10260,2026-04-27T03:50:20,BA-10626224,77.75,Sullivan-Baker,USD
TX-68fc96e727,ACC-10260,2026-03-15T06:47:26,BA-37076822,1393.59,Allen Group,USD
TX-213e0a8fea,ACC-10260,2026-03-14T17:58:15,BA-42016340,303.98,"Hicks, Taylor and Baker",USD
TX-371e743083,ACC-10260,2026-01-04T02:44:40,BA-66597298,46.78,"Daugherty, Mitchell and Gibson",USD
TX-fa8aab7522,ACC-10260,2026-01-03T19:51:15,BA-55247029,1231.69,Meyers-Norris,USD
TX-db66f42f55,ACC-10260,2026-05-13T00:50:27,BA-99784876,99.44,Watson-Murphy,USD
TX-cd29445b1d,ACC-10260,2026-01-19T18:12:12,BA-99135168,255.98,"Cruz, Hubbard and Olson",USD
TX-0707634437,ACC-10261,2026-01-24T10:59:14,BA-41193292,324.6,"Goodwin, Turner and Rogers",USD
TX-d1c187de6a,ACC-10261,2026-03-11T05:45:58,BA-53401695,264.56,Medina-Schmitt,USD
TX-be3d8bed64,ACC-10261,2026-03-20T02:06:21,BA-97777422,477.78,Henderson-Morris,USD
TX-e77baf38eb,ACC-10261,2026-03-17T13:44:28,BA-38557229,690.87,"Pitts, Davis and Jackson",USD
TX-57304e8cba,ACC-10261,2026-01-13T19:39:29,BA-98310124,1223.55,"Davis, Johnson and Stone",USD
TX-5886d21850,ACC-10261,2026-05-07T04:57:47,BA-93739701,556.63,Camacho-Rodriguez,USD
TX-e01947c6f2,ACC-10261,2026-01-14T01:47:11,BA-39334741,619.59,"Neal, Allen and Perkins",USD
TX-c085202f65,ACC-10261,2026-05-30T01:01:10,BA-90378849,751.87,Rodriguez-Doyle,USD
TX-6afa13299f,ACC-10262,2026-03-06T11:26:56,BA-33532534,954.85,"Frey, Cook and Rios",USD
TX-a1a58c4b04,ACC-10262,2026-05-14T12:33:54,BA-52676804,1467.14,Wiley LLC,USD
TX-77ee665a68,ACC-10262,2026-05-10T09:30:43,BA-74710444,105.93,Snow Ltd,USD
TX-60484008b0,ACC-10262,2026-01-04T10:14:57,BA-91675959,1368.59,Lang-Mosley,USD
TX-a40e07f8e2,ACC-10263,2026-03-14T23:06:44,BA-37432134,964.85,"Ruiz, Hayes and Gibson",USD
TX-923d7447fe,ACC-10263,2026-02-16T05:27:30,BA-90272292,1482.88,"Barber, White and Turner",USD
TX-8edb3e220e,ACC-10263,2026-03-28T03:54:50,BA-54116005,205.73,"Moore, Ramirez and Martin",USD
TX-c2fd45ef24,ACC-10263,2026-03-03T15:50:14,BA-96382807,1181.52,Martin and Sons,USD
TX-7f8d24ebd9,ACC-10264,2026-05-23T07:26:10,BA-54462343,517.38,"Bailey, Ramirez and Stout",USD
TX-990fb6c60b,ACC-10264,2026-02-09T23:10:43,BA-82385198,85.84,"Sanford, Holt and Gonzalez",USD
TX-bb41e69066,ACC-10264,2026-05-10T03:09:09,BA-43331368,1203.17,Ramirez-Gomez,USD
TX-efd8eccd82,ACC-10264,2026-05-16T04:53:27,BA-39855935,914.05,Trevino PLC,USD
TX-aea38ff789,ACC-10264,2026-03-16T01:51:11,BA-79990777,485.85,"Dyer, Shields and Clark",USD
TX-5180505d4e,ACC-10265,2026-02-04T06:14:56,BA-91315976,377.21,Floyd-Robinson,USD
TX-69477e098a,ACC-10265,2026-02-25T09:50:27,BA-87366028,675.17,Luna-Palmer,USD
TX-f3830c7f8e,ACC-10265,2026-05-04T10:07:41,BA-37031585,411.43,"Stewart, Hughes and Smith",USD
TX-8183bc3b60,ACC-10265,2026-04-04T10:25:04,BA-20739561,1426.76,Wallace-Patrick,USD
TX-b13cbb5193,ACC-10265,2026-03-11T19:46:23,BA-63451468,569.69,"Wilson, Wilson and Boyd",USD
TX-6792b595c9,ACC-10265,2026-04-02T09:41:01,BA-69240493,636.93,Pineda-Cook,USD
TX-d4b6497861,ACC-10265,2026-04-29T07:58:58,BA-68174055,1141.69,Knight Inc,USD
TX-32866e605d,ACC-10265,2026-04-04T14:17:10,BA-12658997,1144.08,Ball-Velazquez,USD
TX-0ff5ccbecf,ACC-10266,2026-01-01T19:28:58,BA-11722586,1293.17,"Gallegos, Bell and Cherry",USD
TX-4663c37f80,ACC-10266,2026-05-22T19:45:52,BA-60232033,739.72,Vance-Reilly,USD
TX-71b4691773,ACC-10266,2026-03-22T17:51:44,BA-62968985,1455.89,Marsh-Richards,USD
TX-5846e96fee,ACC-10266,2026-03-14T10:58:52,BA-61544630,736.88,"Roberts, Jones and Martinez",USD
TX-8635fa4e9b,ACC-10266,2026-05-05T11:30:12,BA-88961498,111.5,Butler Group,USD
TX-ee85f3ad5a,ACC-10267,2026-05-30T18:22:49,BA-56785439,766.86,Oneal and Sons,USD
TX-7f24a81a14,ACC-10267,2026-04-05T21:08:34,BA-95225538,1034.29,Stanley-Pollard,USD
TX-954849bf16,ACC-10267,2026-05-16T05:43:02,BA-17744982,978.1,Mitchell-George,USD
TX-ccdceef687,ACC-10267,2026-03-24T08:10:16,BA-43123836,367.32,Crawford PLC,USD
TX-0c340c5bd6,ACC-10267,2026-01-07T16:49:00,BA-58508204,948.27,Jackson Group,USD
TX-e2e541ca22,ACC-10267,2026-05-12T08:22:18,BA-13792466,1047.72,"Williams, Serrano and Johnson",USD
TX-7b1ced988e,ACC-10268,2026-05-06T03:06:34,BA-61586279,599.51,Clarke and Sons,USD
TX-56d477c825,ACC-10268,2026-04-24T19:42:20,BA-20784168,780.21,Campos Group,USD
TX-b997fad141,ACC-10268,2026-02-06T15:58:48,BA-66766698,252.91,Powell-Smith,USD
TX-1baf71d090,ACC-10269,2026-05-26T07:17:07,BA-63414658,1050.02,"Brown, Robinson and Garrison",USD
TX-c8bacd9ef2,ACC-10269,2026-01-02T05:55:14,BA-32602089,1225.5,Robinson Group,USD
TX-569027ebef,ACC-10269,2026-01-01T07:21:24,BA-23001760,109.41,Adams LLC,USD
TX-a1c7a48c67,ACC-10269,2026-05-16T05:04:15,BA-66081482,789.82,Campbell-Carney,USD
TX-4bdd8bd47d,ACC-10269,2026-05-08T02:17:23,BA-48700374,1100.9,Guerra Ltd,USD
TX-fcc6ccd524,ACC-10270,2026-05-26T14:51:38,BA-34525524,1214.72,Young-Douglas,USD
TX-9efee72d93,ACC-10270,2026-02-07T06:14:53,BA-44809624,1474.51,"Crosby, White and Williams",USD
TX-1d79515796,ACC-10271,2026-05-10T04:37:35,BA-88174504,1184.86,Reed LLC,USD
TX-4ac48bb69b,ACC-10271,2026-01-09T03:04:43,BA-22997893,320.55,"Braun, Mathews and Fry",USD
TX-fb73d750ee,ACC-10272,2026-04-28T08:34:32,BA-67640289,508.14,Golden-Jensen,USD
TX-7dd5e4e87f,ACC-10272,2026-05-13T09:41:52,BA-56047075,1499.17,"Parks, Lucero and Hall",USD
TX-bf8f68d4a7,ACC-10272,2026-02-16T12:36:11,BA-58480869,999.29,"Hamilton, Barnes and Christian",USD
TX-8515844882,ACC-10272,2026-03-15T11:38:17,BA-91981404,90.58,Bird-Collins,USD
TX-ec59275e4c,ACC-10272,2026-03-11T03:12:59,BA-54326109,1210.37,Hurst-Romero,USD
TX-93d9f2aee1,ACC-10272,2026-01-01T14:22:32,BA-71326664,1306.46,Johnson Group,USD
TX-e04001a816,ACC-10272,2026-03-20T00:33:45,BA-28637880,43.39,Walton Group,USD
TX-619ef1c7ff,ACC-10273,2026-04-10T23:40:23,BA-65448912,992.04,Clark-Brown,USD
TX-761a1e6642,ACC-10273,2026-01-01T14:34:57,BA-95640742,1436.53,"Gutierrez, Bautista and Watson",USD
TX-97a9d9b677,ACC-10273,2026-03-04T13:29:03,BA-12232081,952.5,Harris-Mccoy,USD
TX-7f2fa31fcc,ACC-10273,2026-01-09T21:13:49,BA-53691252,1018.5,Howard and Sons,USD
TX-4ec44f5889,ACC-10273,2026-02-15T08:27:43,BA-91438353,729.38,Sanford-Mcgee,USD
TX-3153aeccff,ACC-10273,2026-05-24T12:56:35,BA-92220752,1191.97,Byrd-Bright,USD
TX-9983038263,ACC-10273,2026-03-09T15:21:14,BA-67433950,1408.93,"Harmon, Hoffman and Burch",USD
TX-4ed717d461,ACC-10273,2026-04-03T10:53:20,BA-98360765,1286.36,"Smith, Lloyd and Gamble",USD
TX-fa57737a84,ACC-10273,2026-01-20T12:09:27,BA-61654839,444.33,Williams-Jenkins,USD
TX-dd5766c682,ACC-10274,2026-02-02T15:10:58,BA-69899586,1432.8,Nelson Inc,USD
TX-78b3fcbc28,ACC-10274,2026-04-04T15:04:05,BA-98938318,813.3,Alvarado Ltd,USD
TX-04f2f038a3,ACC-10274,2026-02-17T06:07:16,BA-38405950,259.8,"Chan, Madden and Weaver",USD
TX-9eaace7489,ACC-10274,2026-05-09T02:38:06,BA-22003335,162.68,Brown Inc,USD
TX-3242e7929a,ACC-10274,2026-05-19T23:42:26,BA-13922081,244.55,"Lee, Anderson and Cook",USD
TX-22c30cd229,ACC-10274,2026-03-05T09:36:14,BA-61471131,1150.63,"Scott, Crawford and Reynolds",USD
TX-28fa8fb2c3,ACC-10274,2026-02-12T19:01:36,BA-44578317,1000.57,Davis LLC,USD
TX-14f60a2307,ACC-10274,2026-05-11T05:13:42,BA-26521948,999.89,"Montes, Moore and Christensen",USD
TX-6e71570018,ACC-10274,2026-04-14T19:09:08,BA-95033398,1089.49,George Ltd,USD
TX-96147974c9,ACC-10275,2026-05-20T07:31:31,BA-61224263,982.61,Davis and Sons,USD
TX-29b08129d7,ACC-10275,2026-04-20T02:38:36,BA-68648080,1213.63,Arnold and Sons,USD
TX-1403e9b393,ACC-10275,2026-02-13T09:49:20,BA-44775001,177.96,Frank-Mendoza,USD
TX-c6701a60da,ACC-10275,2026-01-18T00:37:12,BA-24949509,138.26,"Santiago, Knight and Brown",USD
TX-f6c6e9d90f,ACC-10275,2026-05-24T19:21:31,BA-89483803,1406.13,Johnson and Sons,USD
TX-ea2f3c35b5,ACC-10275,2026-05-25T14:10:12,BA-25583513,861.39,"Jones, Hickman and Zhang",USD
TX-1396649a6f,ACC-10275,2026-01-25T17:48:30,BA-52060116,1431.33,Edwards-Rodriguez,USD
TX-3b5919317c,ACC-10275,2026-04-23T00:37:38,BA-10225283,469.64,"Sanchez, Baker and Johnson",USD
TX-a4c3f16b08,ACC-10276,2026-05-26T01:33:05,BA-99301859,1274.45,Gonzalez-Parsons,USD
TX-593170062b,ACC-10276,2026-05-17T12:03:46,BA-14609555,900.33,Garcia-Ruiz,USD
TX-ec0da1dace,ACC-10276,2026-03-01T23:32:18,BA-77428032,1485.55,Matthews-Rodriguez,USD
TX-f6cdfd2637,ACC-10276,2026-01-24T23:23:02,BA-46702178,1495.29,Andrews PLC,USD
TX-0f8418ecd2,ACC-10277,2026-01-05T04:30:14,BA-83543652,591.47,"Chapman, Harrison and Anderson",USD
TX-350556afc9,ACC-10277,2026-03-24T00:42:04,BA-73541573,1485.52,Santiago-Jones,USD
TX-8ef926deb6,ACC-10277,2026-05-28T03:12:14,BA-62527814,589.64,Salazar-Garner,USD
TX-28394b721e,ACC-10277,2026-04-13T11:56:00,BA-47988968,427.13,Collins Ltd,USD
TX-6df82ef3d5,ACC-10278,2026-04-23T01:44:54,BA-28463119,665.62,Santiago LLC,USD
TX-13fd2d47bf,ACC-10278,2026-04-04T16:20:28,BA-49068306,1346.34,"Villanueva, Meyer and Huffman",USD
TX-874b125253,ACC-10278,2026-02-10T17:34:55,BA-39277781,1207.52,Graham Inc,USD
TX-d654d67a54,ACC-10278,2026-02-07T23:49:07,BA-97407684,18.65,Richards-Robinson,USD
TX-8f2259151f,ACC-10279,2026-02-28T18:38:08,BA-90014633,1432.06,Knapp Group,USD
TX-8a42e76b65,ACC-10279,2026-05-07T18:15:15,BA-60381528,1164.9,Buchanan Group,USD
TX-b7f068f01c,ACC-10279,2026-05-11T05:51:20,BA-98384904,138.97,Schwartz-Allison,USD
TX-bf7d4a091f,ACC-10279,2026-04-01T00:52:35,BA-97283256,576.24,Jordan Group,USD
TX-b19d0e2321,ACC-10279,2026-05-03T18:53:15,BA-97670412,670.45,Flores and Sons,USD
TX-23f2b55743,ACC-10279,2026-01-03T06:04:16,BA-26106179,179.36,Chavez Inc,USD
TX-543e3ffe35,ACC-10279,2026-01-24T16:48:05,BA-75661787,963.91,Goodwin-Mcguire,USD
TX-d191100db0,ACC-10279,2026-04-09T23:36:00,BA-40190270,39.43,Reyes Inc,USD
TX-ef0398e001,ACC-10279,2026-04-22T06:17:21,BA-86857173,721.85,Jimenez LLC,USD
TX-9a7cb13983,ACC-10280,2026-01-13T07:55:24,BA-82143514,281.41,"Simon, Robinson and Rivera",USD
TX-84a1122835,ACC-10280,2026-05-17T01:41:38,BA-12650315,593.73,Martin-Campos,USD
TX-3654e0e094,ACC-10280,2026-04-15T03:53:00,BA-81147161,735.4,Lee and Sons,USD
TX-625e4c2177,ACC-10280,2026-04-11T18:15:16,BA-88479996,810.78,Williamson Group,USD
TX-cc24021fd8,ACC-10280,2026-05-07T13:08:42,BA-26654987,1131.49,Hunt-Shannon,USD
TX-9b5b10ee9b,ACC-10280,2026-02-10T06:51:04,BA-98393430,1346.92,Harris-Howard,USD
TX-ee410050a4,ACC-10280,2026-02-05T01:57:21,BA-90410190,1044.35,"Vega, Diaz and Riley",USD
TX-cacc48658d,ACC-10281,2026-01-18T01:16:30,BA-85496963,388.86,"Bush, Baker and Lozano",USD
TX-7643d5ddad,ACC-10281,2026-05-27T05:33:16,BA-14698329,131.49,King-Bowen,USD
TX-446a0ed471,ACC-10281,2026-01-25T05:13:26,BA-77934076,451.37,Riley Group,USD
TX-73769c560e,ACC-10281,2026-04-16T17:12:51,BA-33032191,637.46,Thomas-Browning,USD
TX-7cc71d8c53,ACC-10282,2026-01-28T03:46:18,BA-87453221,738.21,Erickson LLC,USD
TX-75e055d212,ACC-10282,2026-03-02T18:23:15,BA-80151077,1366.62,Martinez-Olson,USD
TX-acc704ac32,ACC-10282,2026-03-10T08:59:05,BA-91359046,809.62,Benson Inc,USD
TX-400bd3cd7f,ACC-10282,2026-02-10T17:55:22,BA-23288780,995.61,Austin-Herman,USD
TX-579b76e07f,ACC-10282,2026-01-09T16:28:58,BA-41823071,59.92,Castillo-Carrillo,USD
TX-ed7507c870,ACC-10282,2026-01-28T12:13:03,BA-50226291,1284.85,Bennett-Stephens,USD
TX-b765dd254e,ACC-10282,2026-02-11T18:57:53,BA-28013093,905.21,Taylor-Reyes,USD
TX-396444c4f4,ACC-10282,2026-02-11T22:49:09,BA-89427788,541.8,Clark and Sons,USD
TX-52c76bfa9f,ACC-10282,2026-01-25T22:48:59,BA-93525402,635.91,"Grant, Snow and Wilkerson",USD
TX-1669ebbf10,ACC-10283,2026-01-30T19:19:18,BA-52461165,1488.71,"Patterson, Collins and Jimenez",USD
TX-eb1e02df14,ACC-10283,2026-03-26T04:50:56,BA-60860721,43.74,Silva-Roach,USD
TX-4e9fb130c6,ACC-10283,2026-04-28T05:00:49,BA-43218577,120.9,Rhodes-Tucker,USD
TX-9d98e89f92,ACC-10283,2026-01-25T04:46:37,BA-81332718,169.44,Morris PLC,USD
TX-8e7899a88a,ACC-10283,2026-04-17T11:35:01,BA-64597257,103.61,Hensley-Everett,USD
TX-db48821ee5,ACC-10283,2026-05-05T07:26:36,BA-21941909,547.42,Foster PLC,USD
TX-b286b56779,ACC-10283,2026-03-06T18:18:12,BA-46675397,223.76,"Schroeder, Gutierrez and Ramir",USD
TX-e352512214,ACC-10283,2026-02-13T20:08:36,BA-46728250,19.75,Jones-Brooks,USD
TX-889a31c6c5,ACC-10284,2026-02-03T03:44:26,BA-52680752,1420.03,Haas Group,USD
TX-009516c399,ACC-10284,2026-03-17T15:29:48,BA-34249450,521.03,"Carney, Sandoval and Johnson",USD
TX-26a7909a83,ACC-10285,2026-03-27T05:42:06,BA-57513265,1198.71,Dorsey PLC,USD
TX-d3f25fe94f,ACC-10285,2026-04-08T12:33:28,BA-48496283,417.36,Hall PLC,USD
TX-e344ec5481,ACC-10285,2026-03-25T01:31:47,BA-79873032,1412.81,Wolf Inc,USD
TX-76ae02550a,ACC-10285,2026-02-14T10:07:04,BA-50961563,955.27,Fuller LLC,USD
TX-40bba6c4d4,ACC-10286,2026-02-02T01:28:58,BA-87217700,90.83,Hebert-Carter,USD
TX-b1bc681a74,ACC-10286,2026-05-25T08:32:21,BA-48366253,833.47,Young PLC,USD
TX-e37fb0068a,ACC-10286,2026-04-06T16:50:59,BA-11435415,1443.44,Walker Group,USD
TX-629f1bec0d,ACC-10287,2026-05-13T20:02:06,BA-91764582,68.32,"Huff, Hopkins and Ruiz",USD
TX-aba62c0305,ACC-10287,2026-03-29T02:52:12,BA-32620027,1013.41,Davies LLC,USD
TX-e58475204d,ACC-10287,2026-05-29T07:08:55,BA-80265183,1356.18,"Hanson, Thompson and Johnson",USD
TX-499aaa7bc9,ACC-10287,2026-02-03T22:41:35,BA-20082754,553.74,Duncan-Fuller,USD
TX-9129888726,ACC-10287,2026-01-26T21:18:38,BA-78945564,533.17,Kelly PLC,USD
TX-f15cd1232c,ACC-10287,2026-01-10T21:14:30,BA-66736822,745.78,Miller PLC,USD
TX-87f8f28d27,ACC-10287,2026-02-03T02:30:46,BA-60101289,1454.74,Snyder-Johnston,USD
TX-3e8a917041,ACC-10287,2026-03-07T15:00:04,BA-43522920,1248.43,Simmons LLC,USD
TX-45521ab741,ACC-10287,2026-05-29T19:44:51,BA-25819626,438.65,Velazquez PLC,USD
TX-7f557411e9,ACC-10287,2026-04-04T19:31:27,BA-49398948,400.8,Williams LLC,USD
TX-c3cb802c57,ACC-10288,2026-01-07T21:06:42,BA-72150455,1339.28,Frost Inc,USD
TX-723a9949e5,ACC-10288,2026-04-05T19:29:11,BA-17717080,536.84,Vargas Inc,USD
TX-41b3910ed8,ACC-10288,2026-04-30T12:34:43,BA-71787651,496.18,"Moore, Russell and Haas",USD
TX-f74129c309,ACC-10288,2026-03-10T17:15:35,BA-24383316,12.71,Stanton-Rivera,USD
TX-71e67f6733,ACC-10288,2026-05-21T06:47:04,BA-34985664,606.09,Davis PLC,USD
TX-bf1f69c9dd,ACC-10288,2026-01-02T17:18:28,BA-23601326,649.05,"Boyd, Johnson and Harrell",USD
TX-f2e3be379e,ACC-10288,2026-02-08T08:37:25,BA-21374117,796.0,"Miller, Moore and Hernandez",USD
TX-d94ab44edd,ACC-10288,2026-01-30T20:20:37,BA-65125778,190.14,Johnson-Johnson,USD
TX-e43211a2f8,ACC-10288,2026-04-05T15:30:19,BA-10927505,237.67,Nunez-Hawkins,USD
TX-ab822b8394,ACC-10288,2026-05-08T12:08:01,BA-43572518,343.01,Rhodes and Sons,USD
TX-3ddffb8acc,ACC-10289,2026-02-25T07:43:44,BA-15403110,204.85,"Jackson, Woods and Powell",USD
TX-7c974cd005,ACC-10289,2026-03-23T18:15:43,BA-54454724,1351.99,Richards-Simpson,USD
TX-4a55c59883,ACC-10289,2026-02-01T03:06:37,BA-99416497,302.49,"Rice, Brown and Schwartz",USD
TX-2443d78055,ACC-10289,2026-04-04T01:40:35,BA-99287389,1474.48,Mills-Davidson,USD
TX-8d51776201,ACC-10289,2026-01-24T01:36:44,BA-66518457,736.16,Solomon-Olson,USD
TX-bb4a00fa09,ACC-10290,2026-04-26T22:37:34,BA-11077619,654.32,Fields-Williams,USD
TX-9d6e83fa66,ACC-10290,2026-02-26T05:00:44,BA-47879379,731.46,"Owens, Reed and Hood",USD
TX-0f56789abd,ACC-10290,2026-05-28T18:03:01,BA-67572954,375.38,Smith-Beard,USD
TX-ea6a23e6cc,ACC-10290,2026-01-30T14:40:53,BA-78617449,284.36,Thomas-King,USD
TX-eeecd2badf,ACC-10290,2026-02-24T14:12:06,BA-25437721,1296.93,Barnes and Sons,USD
TX-c811b10f2c,ACC-10290,2026-05-17T02:41:26,BA-43199341,1001.16,White-Wilson,USD
TX-5e8888d2f1,ACC-10290,2026-03-25T08:01:32,BA-36630469,713.47,Soto-Roberts,USD
TX-1c184186a2,ACC-10290,2026-01-21T00:19:01,BA-77422120,918.6,Jimenez-Martinez,USD
TX-68cf5e7d30,ACC-10291,2026-03-15T20:34:18,BA-64666503,789.83,"Torres, Burton and Holland",USD
TX-e70e66a7ee,ACC-10291,2026-05-16T22:58:36,BA-95001425,1470.29,Mcclain Inc,USD
TX-96371d845a,ACC-10292,2026-01-10T05:37:43,BA-34394290,66.13,"Peters, Lawrence and White",USD
TX-d4dc98e679,ACC-10292,2026-01-11T02:56:46,BA-98641515,1118.41,Morgan-Holt,USD
TX-6849329568,ACC-10292,2026-02-11T03:53:13,BA-48294595,710.73,Chandler LLC,USD
TX-c080d9dd70,ACC-10292,2026-04-28T18:35:47,BA-23524006,649.21,Martinez Inc,USD
TX-ab2173d583,ACC-10292,2026-02-18T23:37:51,BA-75939337,548.55,Evans PLC,USD
TX-a50376198e,ACC-10292,2026-03-01T02:24:18,BA-24969117,149.85,"Ross, Rodriguez and Gallegos",USD
TX-d6079f494e,ACC-10292,2026-01-03T15:40:03,BA-84057077,1156.84,Griffin-Morris,USD
TX-a533212b1f,ACC-10293,2026-01-17T22:31:36,BA-24276138,200.08,"Jensen, Mahoney and Fisher",USD
TX-fb87afc052,ACC-10293,2026-05-25T04:42:29,BA-90776943,184.93,"Stanley, Padilla and Grant",USD
TX-54d2751200,ACC-10293,2026-04-24T21:34:28,BA-97826062,1227.03,Estrada Group,USD
TX-5bddbbf06b,ACC-10293,2026-02-07T11:06:26,BA-69830209,1388.62,Rivera-Edwards,USD
TX-85b657f169,ACC-10293,2026-01-15T12:57:51,BA-83360594,930.42,Sandoval-Tyler,USD
TX-9e46dbda98,ACC-10293,2026-02-28T12:58:54,BA-73645847,1484.52,Steele Group,USD
TX-d334e74568,ACC-10293,2026-02-09T05:23:02,BA-81612882,1082.55,"Duffy, Johnson and Reyes",USD
TX-29759a2b5b,ACC-10293,2026-01-09T12:10:28,BA-27157313,291.6,"Watkins, Sutton and May",USD
TX-f5e54e0730,ACC-10294,2026-05-15T17:21:28,BA-35526992,1112.37,"Clements, Mcbride and Logan",USD
TX-b0b4856f29,ACC-10294,2026-03-19T04:27:19,BA-76441251,1028.62,Cooper-Wright,USD
TX-738ac3f0e9,ACC-10295,2026-04-18T05:12:35,BA-25985787,260.81,Joseph Ltd,USD
TX-f878d0b7b9,ACC-10295,2026-01-09T20:34:10,BA-81613988,361.13,"Butler, Norris and Chaney",USD
TX-f77b70f67d,ACC-10295,2026-01-08T14:10:32,BA-95847718,226.47,"Nelson, Villegas and Chen",USD
TX-81821b1b32,ACC-10295,2026-02-23T22:26:20,BA-27847118,409.3,"Martin, Higgins and Woods",USD
TX-81b623fe62,ACC-10295,2026-01-11T00:06:01,BA-96223229,1470.14,Mejia-Harris,USD
TX-6cd3886111,ACC-10295,2026-02-10T18:32:32,BA-81752116,178.7,Daniels-Ross,USD
TX-d100999675,ACC-10296,2026-05-22T20:16:04,BA-47539330,269.22,Watson-Mcneil,USD
TX-763c95aa52,ACC-10296,2026-01-04T00:52:50,BA-82127089,987.69,Schmidt-Hartman,USD
TX-edc0991515,ACC-10296,2026-04-24T06:11:39,BA-24286501,1085.29,Murphy-Thornton,USD
TX-bdbf8e6355,ACC-10296,2026-05-14T14:51:00,BA-61268618,1418.76,Eaton-Lewis,USD
TX-d81110fb18,ACC-10296,2026-02-19T23:18:55,BA-94051119,953.29,"Thomas, Burgess and Barnes",USD
TX-b02d7ae26b,ACC-10297,2026-05-06T17:52:05,BA-47855338,36.47,White-Mcdonald,USD
TX-beeee884e8,ACC-10297,2026-02-01T15:15:21,BA-33855089,1227.16,Greene LLC,USD
TX-d808f42726,ACC-10297,2026-05-14T11:21:41,BA-91580498,285.83,Cannon-Morton,USD
TX-ced00fe3ea,ACC-10297,2026-01-28T20:51:45,BA-19670211,642.46,"Lyons, Morris and Smith",USD
TX-bb6f096213,ACC-10298,2026-01-02T19:47:21,BA-24272571,815.84,"Jones, Mcpherson and Nelson",USD
TX-40d0e04433,ACC-10298,2026-03-07T17:00:40,BA-21403835,307.47,Wheeler and Sons,USD
TX-45fb6a60ee,ACC-10299,2026-01-05T15:51:07,BA-40423822,643.57,"Mcbride, Harvey and Ramsey",USD
TX-16adfa61e4,ACC-10299,2026-01-29T14:49:27,BA-57420453,984.77,Lloyd PLC,USD
TX-2e6a3bef2b,ACC-10299,2026-02-13T20:41:51,BA-61639439,1031.72,"Savage, Wilson and Santiago",USD
TX-a0de71bb2f,ACC-10299,2026-05-19T19:26:52,BA-25087236,740.27,"Mcgrath, Larsen and Friedman",USD
TX-9d42f43737,ACC-10299,2026-01-22T09:16:09,BA-40134894,157.1,Patterson-Davis,USD
TX-7c288408df,ACC-F0000,2026-05-08T08:30:06,BA-88961459,8346.27,"Hays, Fitzpatrick and Nelson",USD
TX-ed75bdef31,ACC-F0000,2026-03-17T20:19:33,BA-88961459,18172.91,Wilson Ltd,USD
TX-b1be87a668,ACC-F0000,2026-04-03T21:39:17,BA-88961459,3272.52,"Potter, Horton and Becker",USD
TX-4b6f5cfdf7,ACC-F0000,2026-03-25T00:04:33,BA-88961459,4044.36,Smith-West,USD
TX-f3b594f6f2,ACC-F0001,2026-03-12T08:53:56,BA-88961459,23961.59,Ramirez Ltd,USD
TX-500e5a7daf,ACC-F0001,2026-01-22T09:21:56,BA-88961459,22828.37,"Howard, Patel and Lopez",USD
TX-bdf9499150,ACC-F0002,2026-01-30T01:43:58,BA-88961459,12009.24,Green Ltd,USD
TX-5e943ff55d,ACC-F0002,2026-01-28T04:58:15,BA-88961459,12019.52,Wilson Group,USD
TX-84b6b2a17f,ACC-F0002,2026-05-21T07:21:41,BA-88961459,11377.35,Davis-Jones,USD
TX-2c7fb8e1e7,ACC-F0002,2026-05-06T05:12:19,BA-88961459,7525.84,"Bond, Haynes and Hamilton",USD
TX-0d5d611473,ACC-F0002,2026-01-31T06:29:15,BA-88961459,22088.35,Collins-Williams,USD
TX-d00f77879d,ACC-F0002,2026-01-07T05:41:09,BA-88961459,12830.74,"Spence, Moore and Ward",USD
TX-986dbcbb47,ACC-F0002,2026-01-03T02:38:47,BA-88961459,20900.66,Mcclure-Thompson,USD
TX-c7bbaa2c83,ACC-F0002,2026-05-13T00:34:48,BA-88961459,14076.82,Williams and Sons,USD
TX-79c702fd2a,ACC-F0003,2026-05-06T13:35:39,BA-88961459,5270.9,Juarez-Garcia,USD
TX-93cfd50bd1,ACC-F0003,2026-01-22T01:11:05,BA-88961459,2406.31,Henderson LLC,USD
TX-df68955ff3,ACC-F0003,2026-04-28T03:04:11,BA-88961459,1187.2,Gonzalez and Sons,USD
TX-46addc97ba,ACC-F0003,2026-02-24T19:10:46,BA-88961459,13768.41,"Parks, Lee and Kelly",USD
TX-8bd5b92273,ACC-F0003,2026-01-13T16:24:33,BA-88961459,15129.21,Perry-Becker,USD
TX-bfc9d0577e,ACC-F0003,2026-05-27T21:38:43,BA-88961459,5099.72,Lee Group,USD
TX-d488601664,ACC-F0003,2026-02-09T04:06:39,BA-88961459,6388.21,"Hart, Lopez and Johnson",USD
TX-dfe94821a7,ACC-F0004,2026-05-21T21:57:06,BA-88961459,24359.34,Roach Group,USD
TX-62dd11264c,ACC-F0004,2026-05-17T10:37:05,BA-88961459,8617.3,Cook and Sons,USD
TX-bbd32e5d68,ACC-F0004,2026-05-24T23:24:49,BA-88961459,12803.34,Suarez Inc,USD
TX-92b24a838b,ACC-F0004,2026-05-31T12:02:32,BA-88961459,1080.29,Wagner PLC,USD
TX-b1679bcc7d,ACC-F0004,2026-03-16T04:46:11,BA-88961459,14865.78,"Morales, Estes and Mason",USD
TX-d2adc70a9b,ACC-F0004,2026-01-08T06:20:06,BA-88961459,4449.96,"Wood, Ryan and Reese",USD
TX-68850bb7ce,ACC-F0004,2026-05-13T12:05:35,BA-88961459,2429.45,Jones Group,USD
TX-9a37bf7bb8,ACC-F0004,2026-05-02T13:09:04,BA-88961459,23844.05,Mcintyre Inc,USD
TX-d701015491,ACC-F0005,2026-01-28T16:40:08,BA-88961459,13904.83,Leon-Valentine,USD
TX-01b3f9a067,ACC-F0005,2026-01-17T22:13:51,BA-88961459,2805.79,Gordon-Thompson,USD
TX-321cbc9be8,ACC-F0100,2026-04-09T05:51:45,BA-19046318,6939.27,White Ltd,USD
TX-5e93fd9960,ACC-F0100,2026-05-13T12:56:22,BA-19046318,15705.04,Lewis LLC,USD
TX-9c6e676de6,ACC-F0100,2026-05-06T00:38:12,BA-19046318,18655.54,"Robinson, Parker and Keller",USD
TX-607f8e3371,ACC-F0100,2026-02-17T12:55:44,BA-19046318,4286.77,"Lopez, Moran and Griffin",USD
TX-ad0d867dbf,ACC-F0100,2026-01-21T10:43:27,BA-19046318,9707.63,"Carroll, Joseph and Carlson",USD
TX-c6043f28cf,ACC-F0100,2026-04-21T17:00:56,BA-19046318,21418.82,Kelly-Kim,USD
TX-d73a3a8911,ACC-F0100,2026-02-13T07:29:39,BA-19046318,21916.89,Pierce-Murillo,USD
TX-4296489e5e,ACC-F0100,2026-05-10T22:28:03,BA-19046318,9048.98,Reed Inc,USD
TX-b4eb5aa5fe,ACC-F0101,2026-01-17T05:33:49,BA-19046318,2196.85,Clarke and Sons,USD
TX-53c701410c,ACC-F0101,2026-03-20T15:45:21,BA-19046318,7809.25,Fitzgerald-Hernandez,USD
TX-24a0022f6f,ACC-F0101,2026-05-19T07:07:25,BA-19046318,21846.58,Johnston PLC,USD
TX-509b43c534,ACC-F0101,2026-04-12T21:38:32,BA-19046318,16906.29,"Howard, Garcia and Wilson",USD
TX-85cf2e7af0,ACC-F0102,2026-01-03T18:06:54,BA-19046318,22464.28,Martinez-Nguyen,USD
TX-381326213d,ACC-F0102,2026-01-29T15:20:14,BA-19046318,21675.38,Velazquez-Flynn,USD
TX-9a00ce1793,ACC-F0102,2026-01-23T01:26:47,BA-19046318,6938.67,Fox Inc,USD
TX-6ec31bdf9a,ACC-F0102,2026-05-21T06:05:48,BA-19046318,24711.85,Young-Snyder,USD
TX-ea5591ba3c,ACC-F0102,2026-01-25T09:53:04,BA-19046318,16153.45,Holder Inc,USD
TX-50abd2c75d,ACC-F0102,2026-04-23T07:25:56,BA-19046318,1393.91,Campbell-Frank,USD
TX-906b4d790a,ACC-F0102,2026-05-25T19:14:56,BA-19046318,10794.31,"Hamilton, Carson and Hill",USD
TX-fe7713b71a,ACC-F0103,2026-01-21T03:09:42,BA-19046318,18873.62,Jones PLC,USD
TX-79d3053b5e,ACC-F0103,2026-05-02T03:14:18,BA-19046318,16021.37,Brown Inc,USD
TX-dac563ba74,ACC-F0103,2026-04-08T17:50:04,BA-19046318,16858.9,"Pham, Henderson and Colon",USD
TX-0c2ee98108,ACC-F0103,2026-03-23T16:19:42,BA-19046318,5960.54,Sanchez-Kim,USD
TX-7cdcaca74d,ACC-F0103,2026-03-30T06:43:43,BA-19046318,3305.28,Wolfe LLC,USD
TX-c093ec6221,ACC-F0103,2026-04-02T04:22:28,BA-19046318,9090.04,"Johnston, Kirby and Palmer",USD
TX-d4530d94d9,ACC-F0103,2026-04-01T02:09:01,BA-19046318,22745.84,Barber-Livingston,USD
TX-eaa8da9dc2,ACC-F0103,2026-05-06T05:15:45,BA-19046318,686.33,"Williams, Brock and Olson",USD
TX-d8fc3c2984,ACC-F0200,2026-01-26T00:34:47,BA-99788677,24445.21,Stark-Ellis,USD
TX-0f3f0b24e1,ACC-F0200,2026-02-03T17:34:52,BA-99788677,22652.2,Harper Ltd,USD
TX-8351e89c82,ACC-F0200,2026-04-11T10:41:09,BA-75151231,11216.34,"Duncan, Evans and Nunez",USD
TX-2e8c6ccb42,ACC-F0200,2026-01-20T08:04:00,BA-75151231,12854.3,Barker PLC,USD
TX-fe098522e2,ACC-F0200,2026-05-03T14:43:43,BA-99788677,21154.25,Howard LLC,USD
TX-4b8ed22b54,ACC-F0200,2026-05-02T19:30:55,BA-99788677,21014.78,"Fernandez, Mendez and Buckley",USD
TX-231a35e73b,ACC-F0200,2026-01-31T21:14:29,BA-99788677,5492.18,"Daniel, Powers and Baker",USD
TX-d0bb3d7127,ACC-F0200,2026-01-19T02:38:53,BA-75151231,11216.82,"Taylor, Murphy and Martin",USD
TX-55e7e0db7d,ACC-F0201,2026-02-10T20:03:00,BA-99788677,9693.73,Miller-Dominguez,USD
TX-ca55e7e39e,ACC-F0201,2026-03-02T21:24:42,BA-99788677,20309.45,Hill Group,USD
TX-670fb40556,ACC-F0201,2026-02-04T21:57:31,BA-99788677,748.44,"Allen, Cruz and Maldonado",USD
TX-16cc6228b2,ACC-F0202,2026-04-11T14:01:52,BA-75151231,5799.51,"Gilbert, May and Washington",USD
TX-caf157568c,ACC-F0202,2026-03-12T20:30:49,BA-75151231,22515.02,Schmidt Ltd,USD
TX-a2dbd9a1eb,ACC-F0203,2026-04-01T16:34:53,BA-99788677,11183.52,Brown Inc,USD
TX-99654a1f74,ACC-F0203,2026-03-19T15:51:55,BA-75151231,6627.28,"Ramirez, Stone and Johnson",USD
TX-22c5aa28fc,ACC-F0203,2026-02-08T10:10:15,BA-99788677,24065.85,"King, Beltran and Edwards",USD
TX-4eb2b65b49,ACC-F0203,2026-01-20T23:31:24,BA-99788677,4558.5,Ward-Cohen,USD
TX-0367a31ed2,ACC-F0203,2026-02-09T23:14:44,BA-99788677,11120.06,Roberts Ltd,USD
TX-b76651923e,ACC-F0203,2026-03-28T15:14:44,BA-99788677,15110.08,Hernandez and Sons,USD
TX-dabffe810e,ACC-F0204,2026-02-17T15:15:55,BA-75151231,5772.01,Johnson-Roberts,USD
TX-fcb76099bd,ACC-F0204,2026-03-14T04:03:45,BA-99788677,4053.47,Espinoza Ltd,USD
TX-9e4aea2f1e,ACC-F0204,2026-03-03T01:27:24,BA-75151231,736.01,Martin-Hall,USD
TX-32e2139410,ACC-F0204,2026-05-14T15:40:30,BA-75151231,18061.66,Smith PLC,USD
TX-37407d9652,ACC-F0204,2026-02-11T12:15:06,BA-99788677,14403.0,Jimenez-Watson,USD
TX-c3b3bc792b,ACC-F0204,2026-03-04T10:35:02,BA-75151231,14260.19,"Brown, Williams and Thompson",USD
TX-b26c94c038,ACC-F0204,2026-03-16T20:59:01,BA-99788677,15244.15,"Jordan, Alvarez and Mitchell",USD
TX-bdd64eda27,ACC-F0300,2026-05-21T10:36:23,BA-73481353,7229.5,"Rice, Carter and Reyes",USD
TX-22fa87042e,ACC-F0300,2026-05-27T08:27:38,BA-73481353,10308.44,Wilson-Sweeney,USD
TX-c9eec389d2,ACC-F0300,2026-04-19T01:14:45,BA-73481353,12598.56,Mitchell PLC,USD
TX-c5118c3c16,ACC-F0300,2026-01-10T03:22:30,BA-73481353,7811.87,Baker Group,USD
TX-5aefd53aa8,ACC-F0300,2026-03-30T06:30:16,BA-73481353,21292.47,Prince-Austin,USD
TX-0356d05a2b,ACC-F0300,2026-01-24T13:49:31,BA-73481353,23473.74,Mack Group,USD
TX-e569922f2d,ACC-F0300,2026-01-20T22:49:11,BA-73481353,5988.35,Bradley Group,USD
TX-589f95a494,ACC-F0300,2026-01-03T00:26:56,BA-73481353,3075.82,Nguyen-Fitzgerald,USD
TX-c896208003,ACC-F0301,2026-04-12T07:35:42,BA-73481353,14658.18,"Hall, Sims and Ferguson",USD
TX-25b7f686b5,ACC-F0301,2026-05-09T09:44:12,BA-73481353,24420.56,Martin-Wong,USD
TX-106bb1e53c,ACC-F0301,2026-03-04T12:12:56,BA-73481353,6032.85,Edwards-Sweeney,USD
TX-65cbdc1f52,ACC-F0302,2026-01-21T12:24:48,BA-73481353,5860.23,Kim Group,USD
TX-554ffcdea6,ACC-F0302,2026-03-12T14:42:10,BA-73481353,24389.08,Flores-Sherman,USD
TX-9cc4f6b630,ACC-F0302,2026-05-01T11:38:14,BA-73481353,19610.52,Garcia-Sims,USD
TX-5a5ecefcd5,ACC-F0302,2026-02-06T11:55:36,BA-73481353,7307.04,Shaw Ltd,USD
TX-4dbff3c6e4,ACC-F0302,2026-02-01T21:12:37,BA-73481353,23811.62,"Smith, Sparks and Johnson",USD
TX-a3c70fb3dc,ACC-F0302,2026-04-23T02:08:38,BA-73481353,4108.6,Walter Inc,USD
TX-973cb847f7,ACC-F0302,2026-01-21T19:27:51,BA-73481353,6393.78,Allen Ltd,USD
TX-68bdda620f,ACC-F0302,2026-03-31T11:42:06,BA-73481353,7035.54,"Jackson, Wilson and Summers",USD
TX-4b16970f70,ACC-F0302,2026-04-03T11:26:28,BA-73481353,9122.94,"Smith, Sexton and Miller",USD
TX-824203f96a,ACC-F0302,2026-01-23T23:26:24,BA-73481353,9183.46,"Nicholson, Wright and Cobb",USD
TX-99b159234c,ACC-F0303,2026-05-06T12:11:07,BA-73481353,23994.81,Larsen-Smith,USD
TX-737f188f48,ACC-F0303,2026-02-12T15:18:57,BA-73481353,1801.88,"Campos, Moore and Dudley",USD
TX-5fa6a4bc01,ACC-F0304,2026-02-12T16:45:13,BA-73481353,12631.71,"Welch, Poole and Bennett",USD
TX-3e1b63a42a,ACC-F0304,2026-02-03T05:03:12,BA-73481353,9017.01,Harris-Brooks,USD
TX-1a4e2ec890,ACC-F0304,2026-02-25T22:08:33,BA-73481353,18480.12,"Garrison, Booker and King",USD
TX-5db11a574e,ACC-F0305,2026-03-06T20:48:18,BA-73481353,4849.12,Nolan-Scott,USD
TX-dc7e0918cc,ACC-F0305,2026-02-21T05:32:49,BA-73481353,4682.77,Ramirez LLC,USD
TX-4fb924b258,ACC-F0305,2026-05-28T15:04:18,BA-73481353,15053.13,Evans-Miller,USD
TX-2a1e50e60f,ACC-F0305,2026-04-03T00:12:30,BA-73481353,12463.53,Mullen and Sons,USD
TX-c93573ec55,ACC-F0305,2026-02-18T01:28:55,BA-73481353,3179.96,Diaz-Jones,USD
TX-b4d4577241,ACC-F0305,2026-01-04T09:02:49,BA-73481353,20966.3,Reese-Miller,USD
TX-f0fad569bb,ACC-F0305,2026-04-12T23:55:54,BA-73481353,18997.32,"Jenkins, Lee and Vaughn",USD
TX-263f1b7f65,ACC-F0305,2026-05-31T12:57:26,BA-73481353,2949.82,Gonzalez-Hunt,USD
TX-bf1996548f,ACC-F0306,2026-05-05T00:42:54,BA-73481353,24153.6,"Taylor, Collins and Gomez",USD
TX-a7db811001,ACC-F0306,2026-05-02T17:31:37,BA-73481353,24689.63,"Johnson, Nelson and Noble",USD
TX-3fd017811a,ACC-F0306,2026-04-13T07:33:50,BA-73481353,7000.08,"Johnson, King and Adams",USD
TX-af33d6757f,ACC-F0306,2026-05-12T20:40:43,BA-73481353,22255.88,Ortega-Davis,USD
TX-6a1a0473c3,ACC-F0306,2026-03-17T22:18:51,BA-73481353,23659.03,Pierce-Schmidt,USD
TX-6227cd4f22,ACC-F0306,2026-02-23T15:24:17,BA-73481353,5169.03,"Medina, Jones and Santos",USD
TX-d59b95b200,ACC-F0306,2026-04-23T12:44:39,BA-73481353,20937.2,Mitchell-Kelley,USD
TX-35ff9bf13f,ACC-F0306,2026-01-24T21:02:27,BA-73481353,19985.66,Ross Group,USD
TX-e449e3d2fe,ACC-F0400,2026-02-18T07:09:31,BA-72682989,10852.8,Lucas PLC,USD
TX-630d692e3f,ACC-F0400,2026-01-20T01:21:34,BA-72682989,23044.76,Hendricks-Rivers,USD
TX-b31b1fa0d5,ACC-F0400,2026-04-26T22:24:08,BA-72682989,4745.9,Stuart PLC,USD
TX-d6f4c6f009,ACC-F0400,2026-03-26T15:03:03,BA-72682989,20207.32,"Higgins, Levy and Roberts",USD
TX-55b2272e03,ACC-F0400,2026-01-28T00:36:31,BA-17270733,6625.5,Hull-Garcia,USD
TX-aca5c9f684,ACC-F0400,2026-03-22T20:09:21,BA-17270733,7876.03,Rodriguez-Riddle,USD
TX-eaeb149950,ACC-F0400,2026-01-17T14:54:54,BA-72682989,14383.29,Young LLC,USD
TX-7004c2b106,ACC-F0401,2026-05-29T03:49:00,BA-72682989,21060.35,"Dennis, Smith and Burton",USD
TX-665785ab46,ACC-F0401,2026-01-17T10:32:23,BA-17270733,7119.28,"Figueroa, Marks and Holder",USD
TX-ff5f10cd03,ACC-F0401,2026-05-07T04:39:36,BA-17270733,8670.34,"Burton, Allen and Brown",USD
TX-c789325c0a,ACC-F0401,2026-01-19T21:54:45,BA-72682989,14353.36,"Marshall, Fuller and Robinson",USD
TX-afc6c35bff,ACC-F0401,2026-05-15T02:23:46,BA-72682989,21675.7,Burton-Fox,USD
TX-3e95f61fad,ACC-F0401,2026-01-24T13:57:50,BA-17270733,17688.53,Rodgers-Anderson,USD
TX-964387b474,ACC-F0401,2026-04-11T05:57:53,BA-17270733,14270.21,"Thompson, Rogers and Schmidt",USD
TX-ff17b4861d,ACC-F0401,2026-04-07T04:17:13,BA-17270733,5976.82,Miller Ltd,USD
TX-14c0f3f2e7,ACC-F0401,2026-05-12T04:54:02,BA-17270733,7871.86,"Davenport, Santos and Martin",USD
TX-a3c3ec3738,ACC-F0402,2026-05-08T19:14:41,BA-17270733,11092.67,Tapia Ltd,USD
TX-82d8344c53,ACC-F0402,2026-05-04T12:53:37,BA-17270733,5027.79,"Macias, Morgan and Parks",USD
TX-234a7fd94f,ACC-F0402,2026-05-25T14:04:49,BA-17270733,4684.0,"Green, Peck and Allison",USD
TX-10616ed54a,ACC-F0402,2026-05-25T00:24:29,BA-17270733,12165.88,Gray PLC,USD
TX-05b939f588,ACC-F0402,2026-02-26T07:39:59,BA-72682989,16854.62,Rodriguez and Sons,USD
TX-a121af95ae,ACC-F0402,2026-04-25T07:50:17,BA-72682989,9499.82,"Harrell, Matthews and King",USD
TX-9f3e9d0011,ACC-F0402,2026-02-23T10:26:16,BA-72682989,9952.61,"Owens, Brown and Cruz",USD
TX-5b59f256ec,ACC-F0402,2026-01-21T20:13:16,BA-72682989,10713.96,"Carr, Higgins and Clark",USD
TX-017c75f429,ACC-F0402,2026-03-24T11:51:54,BA-17270733,1185.28,Martin Group,USD
TX-c71da33f6b,ACC-F0403,2026-01-14T05:52:55,BA-72682989,9724.81,Hodges Ltd,USD
TX-a043fa5d35,ACC-F0403,2026-04-02T14:31:30,BA-17270733,14612.95,"Crane, Dunn and Moore",USD
TX-ec2a2c53e5,ACC-F0403,2026-04-09T10:41:56,BA-72682989,3670.84,"Elliott, Miller and Pittman",USD
TX-4c987eac67,ACC-F0403,2026-03-04T22:18:23,BA-72682989,14820.08,Ware Ltd,USD
TX-22919f0326,ACC-F0403,2026-03-20T09:43:21,BA-17270733,1600.76,Smith-Young,USD
TX-14520d76b9,ACC-F0403,2026-05-23T07:27:24,BA-17270733,6176.76,"Turner, Little and Morris",USD
TX-5efebe5775,ACC-F0403,2026-05-10T04:20:27,BA-17270733,12736.13,Cox Group,USD
TX-c6602a2fee,ACC-F0403,2026-05-12T21:52:16,BA-72682989,8429.65,"Wilson, Davis and Miller",USD
TX-2df351d52c,ACC-F0404,2026-02-08T18:49:47,BA-17270733,6686.13,Alvarez-Murphy,USD
TX-715ad15946,ACC-F0404,2026-03-26T22:58:01,BA-72682989,6024.67,Evans-Johnson,USD
TX-0d46b9d243,ACC-F0404,2026-05-25T02:41:16,BA-17270733,11134.54,"Miller, Robertson and White",USD
TX-959afbc090,ACC-F0404,2026-04-13T15:07:32,BA-17270733,2607.45,Harvey LLC,USD
TX-79236e7983,ACC-F0404,2026-01-05T16:58:50,BA-17270733,5486.72,Farley-Fischer,USD
TX-4c8678da97,ACC-F0404,2026-01-28T07:04:08,BA-17270733,9309.24,White-Preston,USD
TX-58fc6114cc,ACC-F0404,2026-03-21T05:32:43,BA-17270733,8847.43,Brooks-Hooper,USD
TX-21f99c5f18,ACC-F0404,2026-05-13T12:02:01,BA-72682989,5158.35,Garcia Ltd,USD
TX-32f119a3bf,ACC-F0404,2026-02-10T06:54:09,BA-72682989,12770.83,"Banks, Maxwell and Eaton",USD
TX-9c96b2d8de,ACC-F0404,2026-03-11T05:20:29,BA-17270733,20139.1,Suarez-Bell,USD
TX-c097ad167e,ACC-F0405,2026-02-08T22:27:00,BA-72682989,22256.69,Ramirez-Russell,USD
TX-67e43b1817,ACC-F0405,2026-01-12T12:47:11,BA-17270733,5503.72,Hines-Alexander,USD
TX-6cc6af63f2,ACC-F0405,2026-05-23T12:05:40,BA-72682989,23142.27,Wilcox-Harris,USD
TX-164155ed58,ACC-F0405,2026-05-09T19:22:13,BA-17270733,6272.62,Garcia-Phillips,USD
TX-cf88665ffc,ACC-F0405,2026-01-15T03:47:38,BA-17270733,8973.22,Jones-Lucero,USD
TX-c2282e3a5a,ACC-F0405,2026-01-14T17:46:47,BA-72682989,15154.62,Davis Group,USD
TX-9a33610751,ACC-F0406,2026-04-21T07:17:54,BA-17270733,24778.0,White and Sons,USD
TX-6b01f0fad6,ACC-F0406,2026-01-03T21:25:56,BA-17270733,20409.24,Anderson PLC,USD
TX-c134492dea,ACC-F0406,2026-01-15T21:02:10,BA-17270733,3604.54,Ross Inc,USD
TX-a9050a5853,ACC-F0406,2026-02-05T01:37:35,BA-72682989,1571.13,Norton LLC,USD
TX-a235a2d01f,ACC-F0406,2026-03-09T21:34:06,BA-17270733,24953.18,"Fuentes, Ayala and Stein",USD
TX-04f4f1bd9e,ACC-F0406,2026-01-26T04:31:17,BA-72682989,12228.18,"Kemp, Perez and Simpson",USD
TX-77091349c6,ACC-F0406,2026-01-24T18:18:54,BA-17270733,2371.26,Torres and Sons,USD
TX-fd37961f71,ACC-F0406,2026-04-16T13:34:29,BA-17270733,12625.77,Jones-Hammond,USD
TX-d9d9837cd7,ACC-F0406,2026-05-23T18:22:01,BA-72682989,22492.18,Atkinson-Black,USD
TX-d10a54fbd6,ACC-F0406,2026-02-12T18:36:47,BA-72682989,17971.78,"Warren, Newman and Miller",USD
